Afghanistan,0,0,0,0,0,0,0,0,0,0,0,0,0,0,0,0,0,0,0,0,0,0,0,0,0,0,0,0,0,0,0,0,0,1,0,0,0,0,0,0,0,0,0,0,0,0,3,0,1,2,0,0,4,5,4,1,0,0,2,0,15,0,34,8,8,16,0,10,50,1,63,29,8,17,45,11,53,10,36,37,31,52,55,39,65,40,21,14,41,23,51,64,88,62,108,46,152,116,85,220,110,109,208,133,301,122,159,208,219,308,283,219,220,366,343,334,228,381,527,403,517,470,727,547,568,626,608,501,562,819,647,437
Albania,0,0,0,0,0,0,0,0,0,0,0,0,0,0,0,0,0,0,0,0,0,0,0,0,0,0,0,0,0,0,0,0,0,0,0,0,0,0,0,0,0,0,0,0,0,0,0,2,8,1,11,10,5,4,9,4,3,5,6,4,13,13,10,16,27,-4,9,13,-1,8,1,8,13,16,23,3,-10,-6,-3,-10,2,-7,6,-9,15,-3,15,-10,2,9,7,13,0,6,25,6,-2,3,-8,-9,-9,-24,-6,-4,-10,-13,0,-7,-1,-11,0,-24,-2,12,7,8,12,-10,-14,-1,-8,6,2,2,0,16,12,15,-5,17,0,1
Algeria,0,0,0,0,0,0,0,0,0,0,0,0,0,0,0,0,0,0,0,0,0,0,0,0,0,0,0,0,0,0,0,0,0,0,1,0,0,0,0,0,2,2,7,0,5,0,2,1,0,0,-5,1,6,10,6,6,11,-9,1,45,27,29,73,-5,97,41,40,55,63,114,102,111,165,27,47,82,2,-32,-46,16,-10,-60,39,-16,63,21,71,65,-66,28,32,37,-59,59,54,91,78,34,141,75,103,84,111,110,116,23,52,38,104,25,0,11,119,82,67,48,94,57,49,-64,85,-11,15,-173,225,15,-57,-15,-16,-2,-79,-35
Andorra,0,0,0,0,0,0,0,0,0,0,0,0,0,0,0,0,0,0,0,0,0,0,0,0,0,0,0,0,0,0,0,0,0,0,0,0,0,0,0,0,1,0,0,0,0,0,0,0,0,0,-1,1,-1,0,1,37,0,14,22,13,24,20,31,24,34,43,41,23,25,2,12,37,4,21,29,16,11,5,11,4,0,-23,8,11,-29,0,-1,-6,-22,-10,-34,-21,-24,-6,7,0,-36,-14,-26,-43,-1,-3,-21,-4,-15,-7,-5,-11,-7,-4,0,-15,-7,-19,-8,-13,-2,-7,-4,-10,0,-13,-1,0,-9,-13,0,-5,-2,-8,-2,-3
Angola,0,0,0,0,0,0,0,0,0,0,0,0,0,0,0,0,0,0,0,0,0,0,0,0,0,0,0,0,0,0,0,0,0,0,0,0,0,0,0,0,0,0,0,0,0,0,0,0,0,0,0,0,0,0,0,0,0,0,1,1,0,1,0,0,1,0,1,0,0,-1,1,0,0,1,4,2,1,2,0,0,-2,0,0,-1,0,0,0,4,0,0,0,1,0,0,0,1,1,0,-1,0,-1,5,0,0,1,0,0,7,-2,2,0,0,-1,3,-3,0,0,1,2,0,6,2,-1,8,1,0,1,3,7,3,2,0
Antigua and Barbuda,0,0,0,0,0,0,0,0,0,0,0,0,0,0,0,0,0,0,0,0,0,0,0,0,0,0,0,0,0,0,0,0,0,0,0,0,0,0,0,0,0,0,0,0,0,0,0,0,0,0,0,1,0,0,0,0,0,0,0,0,0,2,0,0,4,0,0,0,0,0,0,2,6,0,0,0,3,-1,0,0,2,0,2,-3,0,-1,0,0,0,0,-4,-2,0,-1,0,0,0,0,0,0,-3,0,0,0,-1,0,0,0,-3,0,0,0,0,0,0,0,0,0,0,0,0,0,0,0,0,0,0,0,0,0,1,0
Argentina,0,0,0,0,0,0,0,0,0,0,0,0,0,0,0,0,0,0,0,0,0,0,0,0,0,0,0,0,0,0,0,0,0,0,0,0,0,0,0,0,0,1,0,0,1,6,3,0,5,2,0,11,2,11,11,10,11,17,31,29,108,35,35,-2,103,74,96,54,-85,218,-9,63,119,169,-2,54,53,60,64,160,-66,132,12,20,120,89,55,64,54,70,-24,76,231,104,110,28,73,92,121,75,61,109,59,2,99,127,77,171,89,224,155,255,-98,112,230,282,218,238,180,403,536,671,224,514,270,415,507,493,534,787,78,362
Armenia,0,0,0,0,0,0,0,0,0,0,0,0,0,0,0,0,0,0,0,0,0,0,0,0,0,0,0,0,0,0,0,0,0,0,0,0,0,0,0,1,0,0,0,0,0,0,0,0,0,0,3,4,10,8,26,25,6,31,21,24,33,41,2,14,22,29,76,15,58,50,37,87,63,34,38,5,-5,0,15,3,5,22,11,-28,11,-14,-3,-75,21,11,31,48,24,1,5,39,46,40,31,103,33,92,86,81,71,139,50,111,96,79,44,74,109,69,87,111,50,256,70,-28,170,25,309,227,365,210,330,395,443,224,282,186
Australia,0,0,0,0,4,1,0,1,1,0,3,0,0,1,0,1,1,0,0,0,0,0,-6,0,0,0,-2,0,0,0,-1,0,0,0,0,0,0,0,10,1,3,9,12,-7,5,3,12,15,16,21,0,70,50,47,80,73,115,110,109,280,416,133,334,316,388,311,446,342,363,96,237,152,81,166,76,-218,93,110,-295,-217,72,9,35,-317,24,-147,-1396,-271,42,-154,-382,-230,-113,-78,-224,-148,-40,-60,-44,-15,-21,-19,-13,-14,-61,-37,-28,-39,2,-17,-24,-48,-18,-7,-9,4,-19,-7,-15,-30,5,-3,-9,-23,-9,4,-8,18,-10,-1,6,12
Austria,0,0,0,0,0,0,0,0,0,0,0,0,0,0,0,0,0,0,0,0,0,0,0,0,0,0,0,0,0,0,0,0,0,0,2,0,1,0,6,5,4,3,8,12,14,24,25,25,49,64,55,200,151,205,156,319,305,365,375,424,760,887,802,303,1199,626,604,245,651,83,172,93,112,-246,-239,-235,-264,-193,-448,-537,-307,-257,-278,-121,-364,-765,-620,-446,-218,-102,-283,-324,-301,-117,-160,-108,-38,-155,-165,-82,-129,-50,-11,-66,-123,-145,8,-121,-34,-28,-61,-11,-121,-42,-17,38,2,-24,-15,-173,-18,-24,14,-10,-40,-28,-14,-44,-34,-143,-27,-1
Azerbaijan,0,0,0,0,0,0,0,0,0,0,0,0,0,0,0,0,0,0,0,0,0,0,0,0,0,0,0,0,0,0,0,0,0,0,0,0,0,0,0,3,0,0,0,3,0,3,0,0,2,-3,0,3,0,5,5,0,0,16,0,4,13,7,15,5,23,43,16,27,53,24,61,41,37,78,61,45,75,86,65,6,25,-10,10,-14,3,-28,-11,-32,-98,-41,-31,-4,-11,-22,-42,-31,9,-20,2,-21,9,-6,8,12,48,37,62,50,96,66,40,103,-46,77,47,100,62,72,-13,56,30,45,17,39,13,53,85,64,125,52,145,83
Bahamas,0,0,0,0,0,0,0,0,0,0,0,0,0,0,0,0,0,0,0,0,0,0,0,0,0,0,0,0,0,0,0,0,0,0,0,0,0,0,0,0,0,0,0,0,0,0,0,0,0,0,0,0,0,0,1,0,0,2,0,1,0,0,0,0,4,1,0,1,3,0,6,3,0,2,0,-4,2,6,0,1,4,0,0,2,0,4,0,-3,0,4,4,0,3,0,5,-5,0,-1,0,-1,1,2,0,-1,5,3,0,-5,-6,0,-1,0,-1,2,0,-1,0,-1,0,1,-1,0,2,0,-1,0,0,0,0,0,0,-1
Bahrain,0,0,0,0,0,0,0,0,0,0,0,0,0,0,0,0,0,0,0,0,0,0,0,0,0,0,0,0,0,0,0,0,0,1,22,10,0,3,5,6,2,0,3,3,1,25,0,0,7,72,0,-9,15,-12,-18,10,21,10,7,-5,4,43,-14,26,12,-15,-28,16,9,36,-40,30,28,-25,4,29,54,-7,22,17,99,93,192,112,125,-11,18,3,104,16,51,-188,133,270,23,30,47,-4,-35,74,75,101,-51,124,169,116,125,217,303,152,213,254,271,234,96,42,61,207,327,-260,-19,17,18,213,-133,10,111,93,116,216,-244,76
Bangladesh,0,0,0,0,0,0,0,0,0,0,0,0,0,0,0,0,0,0,0,0,0,0,0,0,0,0,0,0,0,0,0,0,0,0,0,0,0,0,0,0,0,0,0,0,0,0,3,0,0,0,0,0,0,2,1,1,3,3,3,4,2,5,3,-3,1,4,-4,0,-3,-4,2,2,4,3,14,32,36,51,111,88,52,132,174,202,208,331,242,289,296,472,423,375,391,495,299,404,481,538,622,549,555,544,-223,537,591,787,186,511,315,637,771,713,929,1027,666,679,1003,1369,822,1387,1356,1082,1557,1089,1521,900,1173,1514,1910,1376,2099,1543
Barbados,0,0,0,0,0,0,0,0,0,0,0,0,0,0,0,0,0,0,0,0,0,0,0,0,0,0,0,0,0,0,0,0,0,0,0,0,0,0,0,0,0,0,0,0,0,0,0,0,0,0,0,0,0,0,0,2,0,3,0,1,8,3,1,0,0,6,2,7,0,1,0,12,5,1,-3,3,2,-2,0,0,1,3,-1,0,-2,2,0,-2,0,-2,-6,0,-5,0,2,-8,1,0,-1,1,0,-5,1,-2,-1,0,-6,1,-3,0,0,1,-8,0,0,-1,1,0,2,-2,0,0,2,0,-1,0,-5,0,0,0,0,0
Belarus,0,0,0,0,0,0,0,0,0,0,0,0,0,0,0,0,0,0,0,0,0,0,0,0,0,0,0,0,0,0,0,0,0,0,0,0,0,1,0,0,0,0,5,0,0,0,0,-1,1,0,3,15,0,0,9,0,13,0,18,-3,0,5,-7,-2,0,5,0,0,58,-16,4,139,47,88,120,132,160,182,355,462,238,318,338,358,444,472,434,-3,-154,1461,392,363,570,566,360,746,778,662,889,527,354,708,796,717,345,283,230,511,380,560,804,517,211,485,314,256,530,718,442,119,297,151,242,322,647,274,54,160,171,315,342,580
Belgium,0,0,0,0,0,0,0,0,0,0,0,0,0,1,0,0,0,0,0,0,0,0,0,0,0,0,-1,0,0,0,0,0,0,0,0,0,0,0,0,1,6,5,10,27,59,60,31,39,28,44,0,245,129,197,171,180,209,302,476,266,578,329,294,526,1128,797,1581,1328,813,515,630,838,913,1146,592,703,806,480,814,784,606,898,395,115,1932,364,624,368,674,1204,696,238,313,985,499,264,347,458,15,274,88,104,212,212,87,-341,314,264,315,179,262,241,-85,73,110,140,74,224,174,-10,75,115,242,122,193,68,-38,126,60,15,63,85
Belize,0,0,0,0,0,0,0,0,0,0,0,0,0,0,0,0,0,0,0,0,0,0,0,0,0,0,0,0,0,0,0,0,0,0,0,0,0,0,0,0,0,0,0,0,0,0,0,0,0,0,0,0,0,0,0,0,0,0,0,0,0,1,0,1,0,0,0,0,1,0,0,0,1,0,1,1,0,1,1,0,3,1,4,0,0,0,0,0,-2,0,0,0,-3,0,0,0,-1,-3,0,0,-4,0,0,-1,-2,0,0,0,0,0,0,0,0,0,0,0,0,0,0,0,0,0,0,0,0,0,0,0,0,0,0,0
Benin,0,0,0,0,0,0,0,0,0,0,0,0,0,0,0,0,0,0,0,0,0,0,0,0,0,0,0,0,0,0,0,0,0,0,0,0,0,0,0,0,0,0,0,0,0,0,0,0,0,0,0,0,0,0,1,0,1,0,0,0,0,3,1,0,0,0,0,0,0,2,4,0,2,0,3,3,0,0,0,9,0,0,0,-13,0,0,0,0,0,10,0,0,0,0,0,4,0,0,0,0,16,0,0,-2,0,0,41,93,42,35,0,-6,-7,12,0,0,0,0,-209,26,0,0,0,35,-2,-17,-14,0,12,0,1,7
Bhutan,0,0,0,0,0,0,0,0,0,0,0,0,0,0,0,0,0,0,0,0,0,0,0,0,0,0,0,0,0,0,0,0,0,0,0,0,0,0,0,0,0,0,0,0,1,0,0,0,0,0,0,0,0,0,0,0,0,0,1,0,0,0,0,0,0,1,0,1,0,0,0,0,-1,0,0,0,0,0,0,0,0,0,0,0,0,0,0,0,0,0,1,0,0,0,0,-1,0,-1,0,0,0,0,0,0,0,0,0,0,0,0,2,2,4,5,1,0,0,0,0,0,-1,0,3,0,3,0,1,3,0,2,10,0
Bolivia,0,0,0,0,0,0,0,0,0,0,0,0,0,0,0,0,0,0,0,0,0,0,0,0,0,0,0,0,0,0,0,0,0,0,0,0,0,0,0,0,0,0,0,0,0,0,0,0,0,2,0,1,7,0,1,0,1,0,3,4,5,3,2,3,11,18,13,6,13,8,6,7,8,6,17,25,8,15,51,3,6,21,27,19,42,36,10,23,26,43,27,1,88,93,57,54,43,25,46,39,56,211,112,73,104,68,163,163,142,100,245,113,144,197,115,209,238,160,173,408,244,363,292,318,368,433,614,557,326,711,308,350
Bosnia and Herzegovina,0,0,0,0,0,0,0,0,0,0,0,0,0,0,0,0,0,0,0,0,0,0,0,0,0,0,0,0,0,0,0,0,0,0,0,0,0,0,0,0,0,0,0,2,0,1,0,0,2,2,4,2,5,6,1,-1,12,25,26,3,33,10,28,10,15,42,20,61,32,49,37,70,38,38,28,-3,65,28,31,14,34,7,15,15,9,31,1,35,7,-11,-25,1,19,-46,9,-4,13,-6,62,59,-5,32,-33,38,-37,17,10,29,-83,-25,10,-41,-40,-9,-52,11,-62,-14,-42,-20,-31,3,-29,-11,-13,-18,-6,-12,1,-19,-15,-13
Botswana,0,0,0,0,0,0,0,0,0,0,0,0,0,0,0,0,0,0,0,0,0,0,0,0,0,0,0,0,0,0,0,0,0,0,0,0,0,0,0,0,0,0,0,0,0,0,0,0,0,0,0,0,0,0,0,0,0,0,0,0,0,0,0,0,0,0,0,0,3,0,0,0,0,0,2,0,0,0,7,0,0,0,0,0,0,2,0,0,5,0,0,2,0,0,0,0,0,1,-5,0,-3,0,0,0,0,0,-1,0,-3,0,1,-5,0,0,0,0,1,0,0,0,2,1,0,5,0,-1,0,0,0,0,0,3
Brazil,0,0,0,0,0,0,0,0,0,0,0,0,0,0,0,0,0,0,0,0,0,0,0,0,0,0,0,0,0,0,0,0,0,0,0,1,0,0,1,0,0,0,2,0,9,0,7,5,6,7,14,99,0,11,37,119,49,246,167,224,515,369,311,294,409,417,468,327,186,1089,1080,1124,977,1218,729,953,1751,2003,1745,1439,1022,1366,1133,-1245,-8126,1917,3040,2763,-6216,1964,1321,186,2599,2552,3423,2555,3039,3907,4432,5206,2505,1651,2382,3654,3858,7357,4580,6347,6140,2899,3938,2599,5317,11214,10672,7818,2663,7216,9052,8929,8043,10332,8386,7836,6958,10525,11459,14304,13932,20902,10266,6450
Brunei,0,0,0,0,0,0,0,0,0,0,0,0,0,0,0,0,0,0,0,0,0,0,0,0,0,0,0,0,0,0,0,0,0,0,0,0,0,0,0,0,0,0,0,0,0,0,0,1,0,10,0,26,3,10,4,2,12,7,2,4,5,3,13,5,2,-5,-10,-3,-3,-5,-5,-2,-8,0,-7,-9,-3,-6,-1,-6,-5,-2,-1,0,-1,0,-4,0,-1,-1,0,-1,-2,-1,-1,-2,-1,0,0,0,0,-2,-2,-2,-1,1,2,-1,0,-2,0,0,0,0,-1,-1,0,0,0,0,0,0,0,-1,0,0,-1,-1,0,0,0,0
Bulgaria,0,0,0,0,0,0,0,0,0,0,0,0,0,0,0,0,0,0,0,0,0,0,0,0,0,0,0,0,0,0,0,0,0,0,0,0,0,0,0,0,0,0,0,0,0,0,4,0,0,2,0,16,17,10,1,15,25,1,33,33,24,14,17,23,18,28,32,11,10,40,18,30,19,11,22,14,24,15,19,10,15,7,4,15,9,34,24,20,7,28,41,41,54,128,12,44,60,20,21,34,37,24,2,16,29,52,27,24,24,21,6,16,22,-4,21,6,8,8,-12,-9,-8,-6,-4,-17,-16,-8,-18,-37,-45,-37,3,-10
Burkina Faso,0,0,0,0,0,0,0,0,0,0,0,0,0,0,0,0,0,0,0,0,0,0,0,0,0,0,0,0,0,0,0,0,0,0,0,0,0,0,0,0,0,0,0,0,0,0,0,0,1,1,0,0,0,1,12,0,4,13,7,18,9,24,13,29,3,24,16,12,16,12,5,2,14,0,2,0,0,19,16,0,29,7,0,12,-37,-27,-29,-20,-6,-16,14,-19,-16,-2,-17,-9,-13,-4,-20,-4,-8,-15,4,4,11,34,0,4,1,-6,1,1,3,0,4,-7,-26,-8,0,3,-5,-1,0,0,18,0,12,-45,-1,0,0,0
Burma,0,0,0,0,0,0,0,0,0,0,0,0,0,0,0,0,0,0,0,0,0,0,0,0,0,0,0,0,0,0,0,0,0,0,0,0,0,0,0,0,0,0,0,0,0,0,0,0,0,0,0,0,0,0,0,0,0,0,0,0,0,0,0,0,0,8,0,2,4,0,0,5,0,1,0,1,0,-2,-1,4,11,2,21,1,11,11,0,9,11,8,2,2,14,5,1,0,-6,4,-12,1,-4,-6,-2,0,0,-1,3,-4,0,-2,-2,-2,-2,-5,-4,-7,1,3,-1,2,0,-8,-2,-2,1,2,-2,0,-3,17,-8,4
Burundi,0,0,0,0,0,0,0,0,0,0,0,0,0,0,0,0,0,0,0,0,0,0,0,0,0,0,0,0,0,0,0,0,0,0,0,0,0,0,0,0,0,0,0,0,0,0,0,0,0,0,0,0,0,0,0,0,0,0,0,0,0,0,0,0,0,0,0,0,0,2,0,1,0,0,0,0,0,0,0,0,2,0,-1,0,0,0,0,0,0,-4,0,6,0,0,0,0,0,0,0,0,0,1,0,0,0,0,0,0,0,0,0,0,0,0,0,0,0,14,0,0,0,0,0,0,0,0,0,0,0,8,0,0
Cabo Verde,0,0,0,0,0,0,0,0,0,0,0,0,0,0,0,0,0,0,0,0,0,0,0,0,0,0,0,0,0,0,0,0,0,0,0,0,0,0,0,0,0,0,0,0,0,0,0,0,0,0,0,0,0,0,0,0,0,0,1,2,0,0,-1,1,0,1,0,1,0,0,0,0,0,1,0,-1,0,0,0,0,1,0,2,1,45,0,0,2,3,6,1,5,9,6,2,16,3,4,0,5,-13,29,-2,6,11,4,27,6,-6,10,12,7,19,20,11,-16,0,-1,7,14,-3,6,-38,-4,10,-1,0,0,15,4,-12,23
Cambodia,0,0,0,0,0,1,0,0,0,0,0,0,0,0,0,0,0,0,0,0,0,-1,0,0,0,0,0,0,0,0,0,0,0,0,0,0,0,0,0,0,0,0,0,0,0,0,1,0,0,1,0,2,2,0,0,26,2,2,14,2,31,3,1,-1,0,2,-2,-4,4,0,-2,-8,3,-15,0,-3,-4,-3,3,-10,-2,0,0,-14,-5,-2,0,-5,-2,-2,-3,0,0,-7,0,0,-2,0,0,0,-1,0,0,0,0,0,0,0,0,0,-1,0,0,0,-1,0,0,0,0,0,1,0,1,0,0,0,0,0,0,0,0,0
Cameroon,0,0,0,0,0,0,0,0,0,0,0,0,0,0,0,0,0,0,0,0,0,0,0,0,0,0,0,0,0,0,0,0,0,0,0,0,0,0,0,0,0,0,0,0,1,0,1,0,0,0,0,0,0,0,2,6,0,3,7,7,13,16,10,6,0,15,0,41,0,54,35,72,195,45,95,8,-26,54,0,50,0,0,0,-6,-38,144,0,8,-148,146,-25,-68,-100,96,49,11,63,-110,105,0,0,223,0,27,0,70,0,0,-223,66,40,0,81,141,136,0,0,424,0,170,332,95,0,441,0,405,0,0,-1332,212,0,424
Canada,0,0,0,0,1,0,1,0,0,2,0,0,0,0,1,0,2,0,0,0,0,-1,0,0,0,0,1,0,0,0,-1,0,0,1,1,0,-1,1,6,4,3,3,3,4,12,3,10,12,2,29,9,76,5,54,159,62,176,142,140,326,190,615,601,384,782,552,677,701,1102,-18,1293,1283,673,100,2302,483,738,874,409,658,426,389,679,783,311,1617,1061,1078,230,1167,916,827,1166,1071,419,676,44,429,447,340,319,386,1360,136,95,125,256,338,95,158,151,-78,-98,119,287,202,292,334,196,236,112,235,388,207,239,172,-120,168,-92,64,-113,-99
Central African Republic,0,0,0,0,0,0,0,0,0,0,0,0,0,0,0,0,0,0,0,0,0,0,0,0,0,0,0,0,0,0,0,0,0,0,0,0,0,0,0,0,0,0,0,0,0,0,0,0,0,0,0,0,0,1,0,0,0,0,2,0,0,0,0,0,0,0,0,0,0,0,0,0,5,0,0,0,0,0,0,0,0,0,0,-1,1,0,0,0,0,0,-4,0,2,0,0,3,0,31,0,0,22,0,0,13,0,9,0,49,0,0,0,0,0,0,155,26,0,0,34,52,18,43,72,48,48,19,30,53,119,88,48,56
Chad,0,0,0,0,0,0,0,0,0,0,0,0,0,0,0,0,0,0,0,0,0,0,0,0,0,0,0,0,0,0,0,0,0,0,0,0,0,0,0,0,0,0,0,0,0,0,0,0,0,0,0,0,0,0,0,0,0,1,0,0,0,0,2,0,0,0,0,0,2,2,0,1,0,1,0,0,-1,0,1,0,0,7,5,0,0,1,0,3,0,0,0,0,0,7,-1,0,0,0,0,4,0,33,0,0,42,0,66,6,56,0,0,3,11,18,22,21,20,16,1,-19,13,13,27,16,-18,-47,-43,-44,2,-26,-2,-37
Chile,0,0,0,0,0,0,0,0,0,0,0,0,0,0,0,0,0,0,0,0,0,0,0,0,0,0,0,0,0,0,0,0,0,0,0,0,0,0,0,0,0,1,0,3,0,0,4,0,5,10,0,20,18,13,81,46,37,0,190,103,92,113,167,214,163,282,280,215,228,285,211,270,237,318,213,231,125,208,258,224,125,84,2,103,63,161,112,54,48,75,24,34,90,-35,126,187,170,160,164,604,540,860,746,596,1073,547,1054,886,730,1194,693,1126,1909,1847,1517,459,1125,1298,2147,3006,2431,2885,2289,2062,3698,2306,1668,2030,1158,2334,2477,3192
China,503,92,263,467,645,767,2540,557,2001,1540,1982,4449,2871,3696,3389,2715,2916,2020,2292,1719,1214,-78,13749,4551,592,540,116,-106,-1461,-1716,-217,-2749,-469,-1759,-2218,-2048,-2441,-3115,-2610,-2301,-2530,-2504,-2462,-2172,-1528,-1543,-1824,-1402,-1366,-1451,-1257,-1290,-1445,-1341,-877,-876,-924,-734,-641,-542,-390,-389,-380,-427,-293,-429,-281,-364,-269,-203,-124,-95,-120,-158,-205,-42,-47,-68,-40,-55,-16,41,-6,-68,-62,-43,-84,-35,-58,-43,-18,-47,-106,-111,-56,-100,-91,-26,-48,-37,-47,-13,-93,-106,-76,-57,-43,-15,-120,-20,-30,-17,-18,-10,-11,-7,-3,5,0,0,0,-4,0,3,-2,-5,-6,-4,6,1,15,-1
Colombia,0,0,0,0,0,0,0,0,0,0,0,0,0,0,0,0,0,0,0,0,0,0,0,0,0,0,0,0,0,0,0,0,0,0,0,0,0,0,0,0,0,0,0,0,1,0,0,0,2,6,0,4,9,12,20,10,28,9,26,68,31,45,98,89,19,46,69,90,89,88,150,78,100,102,73,83,185,247,103,216,199,2,24,77,24,17,113,0,250,82,165,131,139,234,189,160,132,278,106,257,366,154,311,202,414,192,335,450,282,414,414,499,480,439,483,580,459,551,472,529,446,627,880,678,534,750,474,-14,688,1044,363,766
Comoros,0,0,0,0,0,0,0,0,0,0,0,0,0,0,0,0,0,0,0,0,0,0,0,0,0,0,0,0,0,0,0,0,0,0,0,0,0,0,0,0,0,0,0,0,0,0,0,0,0,0,0,0,0,0,0,0,0,0,0,0,0,0,0,0,0,0,0,0,0,0,0,0,0,0,0,0,0,0,0,0,0,0,0,0,0,0,0,0,0,0,0,0,0,0,0,0,0,0,0,1,0,2,0,0,0,4,0,0,3,0,0,0,0,-3,0,0,0,0,0,18,0,34,0,6,0,0,-4,0,0,17,0,0
Congo (Brazzaville),0,0,0,0,0,0,0,0,0,0,0,0,0,0,0,0,0,0,0,0,0,0,0,0,0,0,0,0,0,0,0,0,0,0,0,0,0,0,0,0,0,0,0,0,0,0,0,0,0,0,0,0,0,1,0,0,0,2,0,0,0,1,0,0,0,0,0,15,0,0,0,-1,0,0,20,0,0,0,12,0,0,0,0,0,51,0,25,0,0,12,5,21,0,11,0,0,0,5,0,12,3,0,0,5,0,24,0,7,0,0,38,0,0,20,0,0,0,-2,-14,0,43,0,8,0,0,0,67,0,0,0,21,0
Congo (Kinshasa),0,0,0,0,0,0,0,0,0,0,0,0,0,0,0,0,0,0,0,0,0,0,0,0,0,0,0,0,0,0,0,0,0,0,0,0,0,0,0,0,0,0,0,0,0,0,0,0,0,1,0,1,0,0,0,1,1,10,4,4,7,6,8,3,2,-2,11,0,14,17,9,21,0,15,0,5,15,0,0,29,5,11,0,3,11,10,17,17,20,4,10,-1,16,16,18,25,17,4,17,66,29,69,0,2,13,89,54,44,0,46,28,70,59,64,1,88,0,81,73,90,103,99,80,111,132,102,118,97,154,105,81,119
Costa Rica,0,0,0,0,0,0,0,0,0,0,0,0,0,0,0,0,0,0,0,0,0,0,0,0,0,0,0,0,0,0,0,0,0,0,0,0,0,0,0,0,0,0,0,0,1,0,4,4,0,4,9,1,3,1,8,6,9,18,20,25,17,24,19,24,30,31,32,19,15,17,28,19,15,17,16,11,10,13,36,7,12,11,11,2,6,9,-7,-3,-11,-11,-19,-18,-11,-19,-20,-20,-21,-11,-9,-9,-11,-9,-8,-10,-1,-9,-13,-8,-12,-10,-7,0,3,7,5,0,-4,-7,14,10,-4,0,0,-1,13,-1,23,9,15,20,-2,21
Cote d'Ivoire,0,0,0,0,0,0,0,0,0,0,0,0,0,0,0,0,0,0,0,0,0,0,0,0,0,0,0,0,0,0,0,0,0,0,0,0,0,0,0,0,0,0,0,0,0,0,0,0,0,1,0,0,0,0,0,3,1,3,0,5,0,11,47,6,16,5,0,62,1,10,9,-2,20,21,2,58,26,28,56,0,82,13,47,-13,0,-16,-13,65,24,0,22,28,3,13,0,24,-17,-7,23,20,34,4,3,-6,23,32,32,19,49,8,6,125,-30,31,34,-2,29,-27,24,44,53,-6,-18,-21,9,25,62,60,65,33,-16,86
Croatia,0,0,0,0,0,0,0,0,0,0,0,0,0,0,0,0,0,0,0,0,0,0,0,0,0,0,0,0,0,0,0,0,0,0,1,2,0,2,1,1,0,2,1,0,1,1,0,0,2,5,0,12,6,11,7,6,16,22,23,78,48,61,67,43,51,76,61,48,62,77,90,32,63,16,47,34,21,48,23,75,-53,14,21,33,-23,-8,-49,0,-63,-52,-4,-26,15,-72,-48,-56,-58,-62,-45,-48,-70,-41,-20,-29,-30,-36,-35,-12,-23,-30,-12,-13,-23,-8,-19,-42,-21,-8,-18,-9,2,-29,-12,-3,-9,-12,-1,-4,-9,-3,-9,-5
Cuba,0,0,0,0,0,0,0,0,0,0,0,0,0,0,0,0,0,0,0,0,0,0,0,0,0,0,0,0,0,0,0,0,0,0,0,0,0,0,0,0,0,0,0,0,0,0,0,0,0,0,3,1,0,0,0,1,1,4,5,5,14,5,7,9,9,10,38,20,30,10,22,20,34,19,30,26,35,60,54,26,29,32,25,29,26,25,36,27,19,20,24,18,19,-7,29,-35,-6,-4,-12,-33,0,21,-25,-32,-61,-29,-8,-36,-49,-44,-19,-28,-44,-37,-32,-13,-25,-1,-27,-22,-23,-21,-25,-9,-9,11,-4,-1,-4,-16,6,21
Cyprus,0,0,0,0,0,0,0,0,0,0,0,0,0,0,0,0,0,0,0,0,0,0,0,0,0,0,0,0,0,0,0,0,0,0,0,0,0,0,0,0,0,0,0,0,0,0,0,2,1,3,0,8,12,0,7,13,3,18,0,17,7,21,6,8,13,3,17,35,7,30,52,35,39,25,18,11,27,27,36,26,18,12,28,33,20,8,15,9,4,5,-5,5,5,8,-44,7,4,15,6,-141,7,7,8,2,4,5,-98,2,0,5,3,-46,1,-30,3,-30,2,1,1,3,-44,4,-33,8,2,2,0,-188,1,-4,0,5
Czechia,0,0,0,0,0,0,0,0,0,0,0,0,0,0,0,0,0,0,0,0,0,0,0,0,0,0,0,0,0,0,0,0,0,0,0,0,0,0,0,3,0,2,3,4,6,1,12,0,10,50,3,47,48,64,42,98,68,230,138,160,124,116,152,257,268,353,350,181,163,279,176,339,219,369,89,199,134,223,176,111,24,98,8,-89,-77,61,-90,-4,64,-115,-68,-144,-110,-137,-7,-42,-243,-67,-85,-112,-7,-76,-103,-186,-127,-126,-117,1,-19,-3,-186,-134,-117,-115,-87,7,-22,-67,-29,-32,-65,-46,56,30,-59,-40,-64,-38,16,-12,25,-51
Denmark,0,0,0,0,0,0,0,0,0,0,0,0,0,0,0,0,0,0,0,0,0,0,0,0,0,0,0,0,0,0,0,0,0,0,0,0,1,0,2,1,0,2,5,0,12,0,13,55,172,180,173,187,31,38,57,91,91,107,109,79,94,47,103,137,145,159,153,175,186,267,-657,63,242,209,224,246,243,174,94,128,-18,-15,20,-107,-76,-92,-189,-301,-163,-49,-216,-184,-144,-14,77,-10,-36,-19,-97,-42,-38,-79,8,37,-67,-83,-81,-91,-69,-17,-31,-168,-13,-100,-76,-87,-55,-34,-42,-50,-49,-73,-13,7,-38,-39,-11,-45,21,-50,-2,-22
Diamond Princess,0,0,0,0,0,0,0,0,0,0,0,0,0,0,0,0,61,0,3,71,0,40,0,43,67,70,99,88,78,11,0,0,57,0,0,3,0,-2,0,0,0,1,0,0,-30,0,0,0,0,-286,0,0,0,0,0,0,6,0,0,-1,0,0,-2,-262,-10,0,0,-6,0,0,-1,-16,0,0,0,0,0,0,0,0,0,0,0,-21,0,-5,-1,0,0,0,0,0,-1,0,0,0,0,0,0,0,0,0,0,0,0,0,0,0,0,-6,0,0,0,0,0,0,0,0,0,0,0,0,0,0,0,0,0,0,0,0,0,0
Djibouti,0,0,0,0,0,0,0,0,0,0,0,0,0,0,0,0,0,0,0,0,0,0,0,0,0,0,0,0,0,0,0,0,0,0,0,0,0,0,0,0,0,0,0,0,0,0,0,0,0,0,0,0,0,0,0,0,1,0,0,0,0,2,0,8,0,1,2,4,0,12,3,7,1,1,8,31,0,29,0,3,36,27,79,53,54,154,138,0,88,0,89,-42,-57,-65,-34,-23,-54,16,-96,-31,-22,1,0,-23,-28,-7,-35,-23,44,8,-8,15,-2,11,-6,7,48,68,85,189,215,214,0,0,179,0,119,159,0,233,-60,198
Dominica,0,0,0,0,0,0,0,0,0,0,0,0,0,0,0,0,0,0,0,0,0,0,0,0,0,0,0,0,0,0,0,0,0,0,0,0,0,0,0,0,0,0,0,0,0,0,0,0,0,0,0,0,0,0,0,0,0,0,0,0,1,1,0,5,4,0,0,0,0,1,0,0,0,2,0,0,0,0,0,-3,0,-3,0,0,0,0,0,0,0,0,0,-1,0,-1,-3,0,0,0,0,0,0,0,0,0,-1,0,0,0,0,-1,0,0,0,0,0,0,-1,0,0,0,0,0,0,0,0,0,0,0,0,0,0,0
Dominican Republic,0,0,0,0,0,0,0,0,0,0,0,0,0,0,0,0,0,0,0,0,0,0,0,0,0,0,0,0,0,0,0,0,0,0,0,0,0,0,0,1,0,0,0,0,1,0,3,0,0,0,0,0,6,0,0,9,0,12,38,40,89,43,61,76,96,83,130,129,38,198,165,86,100,0,242,63,113,131,198,245,120,147,175,103,276,127,314,148,285,222,23,123,238,22,112,116,71,-53,166,239,218,183,244,103,103,264,173,52,203,283,175,-94,289,-19,211,198,-1917,-361,491,-280,-46,118,149,100,118,-66,197,172,146,76,-629,-47
Ecuador,0,0,0,0,0,0,0,0,0,0,0,0,0,0,0,0,0,0,0,0,0,0,0,0,0,0,0,0,0,0,0,0,0,0,0,0,0,0,0,6,0,1,3,3,0,0,1,1,0,2,0,0,9,0,9,21,53,87,166,134,276,188,92,90,224,190,216,91,36,212,486,381,180,35,173,90,0,612,286,2142,35,101,-55,-39,152,294,207,367,375,538,200,380,244,11482,0,0,243,810,405,241,884,601,713,2205,0,-49,-1619,-1530,240,78,-68,728,60,12,709,1202,371,337,505,554,401,405,390,483,-13939,0,254,330,-686,0,101,0
Egypt,0,0,0,0,0,0,0,0,0,0,0,0,0,0,0,0,0,0,0,0,0,0,0,1,0,0,0,0,0,0,0,0,0,0,0,0,0,-1,0,1,0,0,0,1,12,0,33,6,4,-25,7,12,29,7,34,39,-2,60,20,5,14,34,11,38,29,21,29,18,28,42,41,58,97,55,90,130,102,72,81,42,92,-50,120,146,150,148,112,114,66,89,94,92,152,123,175,143,168,170,174,211,265,227,218,271,274,285,308,416,420,352,241,182,166,243,205,320,270,252,404,472,535,615,445,544,590,648,713,944,1103,1151,1146,943
El Salvador,0,0,0,0,0,0,0,0,0,0,0,0,0,0,0,0,0,0,0,0,0,0,0,0,0,0,0,0,0,0,0,0,0,0,0,0,0,0,0,0,0,0,0,0,0,0,0,0,0,0,0,0,0,0,0,0,0,1,0,2,0,0,2,4,4,0,6,5,6,1,0,8,5,7,6,3,9,10,4,13,-3,5,11,9,5,2,7,8,10,15,5,-3,8,16,0,16,19,14,22,4,24,4,31,37,6,31,29,41,22,88,36,14,14,41,84,30,46,65,57,37,60,59,94,31,-71,43,-40,-26,68,97,113,42
Equatorial Guinea,0,0,0,0,0,0,0,0,0,0,0,0,0,0,0,0,0,0,0,0,0,0,0,0,0,0,0,0,0,0,0,0,0,0,0,0,0,0,0,0,0,0,0,0,0,0,0,0,0,0,0,0,0,1,0,0,3,2,0,0,0,3,0,0,3,0,0,0,0,-1,3,0,1,0,0,-2,0,2,0,0,0,3,-1,20,10,0,28,0,0,-3,4,0,0,130,44,-1,-1,57,0,0,0,0,0,-6,0,123,0,0,0,0,0,0,81,60,2,0,0,125,106,65,10,-87,0,0,82,0,0,0,228,0,0,0
Eritrea,0,0,0,0,0,0,0,0,0,0,0,0,0,0,0,0,0,0,0,0,0,0,0,0,0,0,0,0,0,0,0,0,0,0,0,0,0,0,0,0,0,0,0,0,0,0,0,0,0,0,0,0,0,0,0,0,0,0,0,1,0,0,0,3,2,0,0,6,0,3,0,7,0,7,0,2,0,2,0,1,0,0,0,0,1,0,0,1,0,0,-3,0,0,-5,-2,0,0,-6,0,-7,0,0,0,0,-4,0,0,-7,0,0,-1,0,0,0,-1,0,0,0,0,0,0,0,0,0,0,0,0,0,0,0,0,0
Estonia,0,0,0,0,0,0,0,0,0,0,0,0,0,0,0,0,0,0,0,0,0,0,0,0,0,0,0,0,0,0,0,0,0,0,0,0,1,0,0,0,0,1,0,1,7,0,0,0,2,4,0,63,36,55,34,20,33,9,16,23,19,26,12,33,134,34,61,32,36,23,26,61,99,66,53,7,32,30,11,41,46,-1,16,25,21,17,11,36,12,6,10,-9,24,-2,8,0,3,6,10,8,1,1,-4,3,6,-1,-3,-426,-39,3,0,-21,5,-126,-7,-7,0,9,7,-15,-526,-13,-4,-4,-6,-4,-4,-2,-29,-6,1,0
Eswatini,0,0,0,0,0,0,0,0,0,0,0,0,0,0,0,0,0,0,0,0,0,0,0,0,0,0,0,0,0,0,0,0,0,0,0,0,0,0,0,0,0,0,0,0,0,0,0,0,0,0,0,0,1,0,0,0,0,0,0,0,3,0,0,0,2,3,0,0,0,0,0,0,0,0,0,-3,0,-1,0,0,0,2,1,-1,0,0,0,6,0,2,7,0,0,3,20,3,6,6,20,7,6,2,4,4,3,3,30,6,2,-4,2,9,-17,-3,-12,6,0,-3,-6,-1,-12,-2,13,-25,4,-1,7,7,0,4,-19,2
Ethiopia,0,0,0,0,0,0,0,0,0,0,0,0,0,0,0,0,0,0,0,0,0,0,0,0,0,0,0,0,0,0,0,0,0,0,0,0,0,0,0,0,0,0,0,0,0,0,0,0,0,0,0,1,0,0,4,0,1,0,3,0,-2,0,5,0,0,4,-1,5,-1,5,3,-1,6,2,3,1,8,3,1,8,-2,2,-1,8,2,7,4,8,3,3,3,-3,0,-3,1,-11,-8,2,-4,0,-5,-3,-4,5,-12,15,29,1,13,27,5,10,0,9,11,18,11,32,9,22,9,29,38,87,66,37,16,89,130,84,105,76
Fiji,0,0,0,0,0,0,0,0,0,0,0,0,0,0,0,0,0,0,0,0,0,0,0,0,0,0,0,0,0,0,0,0,0,0,0,0,0,0,0,0,0,0,0,0,0,0,0,0,0,0,0,0,0,0,0,0,0,1,0,0,1,1,1,1,0,0,0,0,0,0,0,2,0,5,0,2,1,0,0,1,0,0,0,0,0,1,0,0,0,-2,0,-5,0,-2,0,-2,0,0,0,0,0,-2,0,0,0,0,0,0,0,0,0,0,0,0,-1,0,0,0,0,0,0,0,0,0,0,0,0,0,0,0,0,0
Finland,0,0,0,0,0,0,0,1,0,0,0,0,0,0,0,0,0,0,0,0,0,-1,0,0,0,0,0,0,0,0,0,0,0,0,0,1,0,0,1,3,0,0,0,6,3,0,8,7,10,19,0,96,70,10,33,44,15,64,50,72,103,74,92,86,76,81,124,71,110,62,28,-220,96,262,42,250,125,173,116,158,135,62,87,92,68,-1271,113,184,98,-219,103,107,132,-394,71,97,116,-261,159,-116,49,123,68,-437,79,155,97,-440,137,80,18,-285,42,88,-623,54,60,31,18,241,48,44,31,10,-281,25,63,-349,32,48,29,28
France,0,0,2,1,0,0,1,1,0,0,1,0,0,0,0,0,0,5,0,0,0,-2,0,0,-2,0,0,0,0,0,0,0,0,0,-5,3,20,19,42,30,60,12,84,90,273,301,169,83,561,484,0,1357,803,36,2093,1032,1409,1751,1581,1593,-527,3694,1215,2090,2538,2800,4366,807,3305,5606,2500,-299,2564,1807,616,2019,308,1421,1007,1603,1021,25482,2576,3422,-368,9880,-360,-2203,3935,1004,472,-4208,376,-146,222,25,2696,1350,-4279,-781,-948,596,48,-237,-595,2025,-596,340,244,63,-318,-609,-1136,-474,-311,0,-1281,-289,264,-137,-336,-22,-41,-90,-314,-973,-580,2653,-105,1307,139,223
Gabon,0,0,0,0,0,0,0,0,0,0,0,0,0,0,0,0,0,0,0,0,0,0,0,0,0,0,0,0,0,0,0,0,0,0,0,0,0,0,0,0,0,0,0,0,0,0,0,0,0,0,0,0,1,0,0,0,0,0,1,1,1,0,1,0,1,0,0,0,0,9,2,3,-1,0,0,3,6,4,10,0,2,3,8,0,20,0,25,0,1,11,27,2,0,2,0,0,22,17,24,0,0,39,0,23,30,0,88,116,41,0,123,51,126,69,68,85,0,55,52,18,0,124,149,0,96,72,43,75,140,27,0,0
Gambia,0,0,0,0,0,0,0,0,0,0,0,0,0,0,0,0,0,0,0,0,0,0,0,0,0,0,0,0,0,0,0,0,0,0,0,0,0,0,0,0,0,0,0,0,0,0,0,0,0,0,0,0,0,0,0,1,0,0,0,0,0,0,1,0,0,0,0,1,0,0,-2,0,0,0,0,0,0,0,0,0,5,0,0,0,0,0,0,0,1,0,0,0,0,0,-6,0,0,0,0,1,1,4,0,0,0,0,1,2,0,0,1,0,1,0,0,-2,0,0,0,0,0,1,0,0,-4,-1,-1,0,-1,0,0,0
Georgia,0,0,0,0,0,0,0,0,0,0,0,0,0,0,0,0,0,0,0,0,0,0,0,0,0,0,0,0,0,0,0,0,0,0,0,1,0,0,0,2,0,0,0,1,0,0,9,2,0,9,0,1,5,3,-1,1,4,2,3,6,3,7,3,4,3,1,7,-3,10,6,5,14,19,-2,11,11,0,11,6,13,2,8,14,27,4,37,19,10,-1,6,4,-3,5,-2,5,19,4,2,-4,16,3,15,-10,4,-6,-23,-1,-6,-6,-3,-6,-28,-18,8,-6,-14,6,-1,-18,-13,-2,-8,-9,-11,-3,-10,-17,-13,5,-13,21,-8
Germany,0,0,0,0,0,1,3,0,0,1,3,2,2,0,0,0,1,0,1,0,2,0,-1,0,0,0,0,-11,0,0,-2,0,0,0,1,9,18,2,31,51,29,37,66,220,187,128,241,134,281,443,170,1572,908,1208,1450,1978,3028,2969,4438,2295,2617,4154,919,3984,4428,5873,4910,3570,389,2193,3319,2995,4062,2939,1591,3025,-3298,-4919,-1480,2324,-719,-240,-1954,-2713,-1516,-1703,-2715,-448,-885,-1895,-2645,-2089,-1715,-4815,1397,-1042,-1662,-1934,-1526,-1786,-2445,-1286,-957,-1739,-1545,-3927,-649,1040,-903,-565,-612,-1065,-696,-1243,-555,-525,-818,-889,509,-653,-632,-313,-409,-245,-672,-231,-585,90,-193,-422,-233,-111
Ghana,0,0,0,0,0,0,0,0,0,0,0,0,0,0,0,0,0,0,0,0,0,0,0,0,0,0,0,0,0,0,0,0,0,0,0,0,0,0,0,0,0,0,0,0,0,0,0,0,0,0,0,0,3,3,0,1,0,4,5,2,4,3,26,38,38,4,3,11,0,-20,34,9,1,0,9,0,73,22,96,-1,28,158,0,57,0,-61,0,176,208,0,0,112,0,89,0,249,0,83,0,378,0,77,0,485,0,372,-9,901,192,0,321,427,259,-38,-682,-198,0,0,340,48,0,164,104,45,53,60,91,0,304,32,-106,0
Greece,0,0,0,0,0,0,0,0,0,0,0,0,0,0,0,0,0,0,0,0,0,0,0,0,0,0,0,0,0,0,0,0,0,0,0,1,2,1,0,3,0,0,2,22,14,1,27,0,16,9,0,91,28,102,0,55,31,-1,66,28,92,69,35,69,67,56,91,89,51,96,100,117,42,55,57,-177,75,50,67,51,69,28,30,23,21,12,14,9,-3,7,-157,7,51,22,16,7,15,30,9,-783,21,5,5,4,10,20,14,11,18,6,10,17,13,9,36,7,14,0,4,9,1,20,0,2,3,9,11,1,3,6,2,-3
Grenada,0,0,0,0,0,0,0,0,0,0,0,0,0,0,0,0,0,0,0,0,0,0,0,0,0,0,0,0,0,0,0,0,0,0,0,0,0,0,0,0,0,0,0,0,0,0,0,0,0,0,0,0,0,0,0,0,0,0,0,0,1,0,0,0,6,0,0,2,0,0,0,1,2,0,0,0,0,0,0,2,0,0,0,0,0,0,-6,0,0,0,0,1,0,-1,3,0,0,-2,-2,0,0,1,0,0,0,0,0,0,0,0,0,0,0,-1,1,0,0,0,0,-3,0,0,0,0,0,0,0,0,0,0,0,0
Guatemala,0,0,0,0,0,0,0,0,0,0,0,0,0,0,0,0,0,0,0,0,0,0,0,0,0,0,0,0,0,0,0,0,0,0,0,0,0,0,0,0,0,0,0,0,0,0,0,0,0,0,0,0,1,0,0,4,0,3,3,5,2,1,1,-1,1,3,0,0,2,0,1,8,3,7,0,8,5,10,8,31,9,16,1,11,13,16,14,21,22,32,2,21,59,46,26,21,30,0,13,38,39,43,15,18,33,26,28,56,64,77,61,75,140,168,118,114,0,147,196,126,181,228,285,353,319,175,-18,119,166,62,313,181
Guinea,0,0,0,0,0,0,0,0,0,0,0,0,0,0,0,0,0,0,0,0,0,0,0,0,0,0,0,0,0,0,0,0,0,0,0,0,0,0,0,0,0,0,0,0,0,0,0,0,0,0,0,1,0,0,0,0,0,0,0,1,0,2,0,0,0,4,0,8,6,0,8,22,19,35,10,7,16,20,24,14,36,0,69,30,40,16,27,35,37,8,60,36,95,71,24,0,129,54,67,128,29,-14,0,77,52,-55,39,48,-2,88,0,50,33,59,0,-54,0,8,-197,0,154,-1,52,57,0,0,0,-1,53,19,0,33
Guinea-Bissau,0,0,0,0,0,0,0,0,0,0,0,0,0,0,0,0,0,0,0,0,0,0,0,0,0,0,0,0,0,0,0,0,0,0,0,0,0,0,0,0,0,0,0,0,0,0,0,0,0,0,0,0,0,0,0,0,0,0,0,0,0,0,0,2,0,0,0,0,6,0,1,0,6,3,0,0,15,0,3,0,2,0,0,0,5,0,0,3,1,0,0,0,0,2,0,0,5,0,131,0,52,0,0,156,0,56,88,30,46,84,35,59,16,77,0,55,21,30,0,51,20,5,0,0,63,0,17,-1,61,0,0,72
Guyana,0,0,0,0,0,0,0,0,0,0,0,0,0,0,0,0,0,0,0,0,0,0,0,0,0,0,0,0,0,0,0,0,0,0,0,0,0,0,0,0,0,0,0,0,0,0,0,0,0,0,0,0,0,3,0,3,0,0,0,0,12,1,-15,0,0,0,3,0,0,3,7,-2,4,0,1,-1,1,3,0,0,8,0,0,2,8,0,7,0,1,0,1,1,3,0,0,0,-3,0,1,-1,0,0,0,5,0,0,0,-7,0,10,4,4,-5,-1,2,1,0,6,-1,-1,-8,0,-1,4,1,2,-5,11,0,1,-2,0
Haiti,0,0,0,0,0,0,0,0,0,0,0,0,0,0,0,0,0,0,0,0,0,0,0,0,0,0,0,0,0,0,0,0,0,0,0,0,0,0,0,0,0,0,0,0,0,0,0,0,0,0,0,0,0,0,0,0,0,0,2,0,0,4,1,1,0,0,0,6,0,0,1,0,2,2,0,4,1,2,2,1,2,-1,7,0,1,0,2,1,3,10,0,2,9,0,-5,1,1,0,0,3,2,0,2,10,0,0,22,16,5,28,26,0,23,36,26,48,106,76,0,62,135,77,52,0,92,210,145,0,263,273,256,101
Holy See,0,0,0,0,0,0,0,0,0,0,0,0,0,0,0,0,0,0,0,0,0,0,0,0,0,0,0,0,0,0,0,0,0,0,0,0,0,0,0,0,0,0,0,0,1,0,0,0,0,0,0,0,0,0,0,0,0,0,0,0,0,0,3,0,0,0,2,0,0,0,0,1,0,0,0,0,0,-1,0,0,0,0,0,0,0,0,0,0,0,1,0,0,0,0,0,0,0,1,0,1,0,0,0,0,0,1,0,0,0,0,0,0,0,0,0,0,0,0,0,0,0,0,0,0,0,0,0,0,0,0,0,0
Honduras,0,0,0,0,0,0,0,0,0,0,0,0,0,0,0,0,0,0,0,0,0,0,0,0,0,0,0,0,0,0,0,0,0,0,0,0,0,0,0,0,0,0,0,0,0,0,0,0,0,2,0,0,0,1,3,2,1,3,12,0,2,4,0,6,15,16,24,13,25,2,28,43,2,42,-6,30,7,7,30,38,9,0,4,9,5,3,9,10,10,-5,13,15,7,37,25,0,18,38,40,22,-4,201,37,118,82,175,196,46,55,134,117,-30,147,37,130,87,36,127,147,0,192,220,0,431,232,186,220,97,0,320,96,143
Hungary,0,0,0,0,0,0,0,0,0,0,0,0,0,0,0,0,0,0,0,0,0,0,0,0,0,0,0,0,0,0,0,0,0,0,0,0,0,0,0,0,0,0,2,0,0,2,3,2,0,4,0,6,10,1,7,10,8,15,10,12,17,35,13,38,28,33,42,63,37,41,26,57,32,34,45,6,60,44,75,183,109,83,36,39,-15,58,89,31,46,41,80,50,7,68,0,20,62,37,49,-9,49,51,47,25,-61,-14,-13,-45,-17,13,-12,-24,-72,-34,-87,-34,8,11,4,-3,-15,-44,-39,-11,-11,-118,-4,-121,-11,-99,2,6
Iceland,0,0,0,0,0,0,0,0,0,0,0,0,0,0,0,0,0,0,0,0,0,0,0,0,0,0,0,0,0,0,0,0,0,0,0,0,0,1,0,2,3,5,15,8,9,7,0,8,10,16,18,31,22,3,22,39,25,80,80,46,81,20,44,84,39,73,56,36,44,8,58,38,20,-34,37,42,-75,-44,-23,-37,-77,-36,-34,-47,-81,-55,-66,-61,11,-70,-50,-38,-43,-33,-27,-36,-16,-9,-18,-14,-18,-17,-10,-6,-10,-17,-3,-10,-8,0,0,-3,-3,0,-2,-4,0,0,-3,1,-1,-1,1,0,0,-1,1,0,-2,1,0,0
India,0,0,0,0,0,0,0,0,1,0,0,1,1,0,0,0,0,0,0,0,0,0,0,0,0,-3,0,0,0,0,0,0,0,0,0,0,0,0,0,0,2,0,23,2,1,3,5,4,12,5,11,8,20,2,6,21,14,36,44,84,59,100,24,116,60,132,85,23,215,122,553,488,23,464,493,1007,473,492,647,699,611,605,1120,821,750,729,611,913,1464,472,786,859,1025,908,1267,967,889,1194,977,1095,1386,1530,1782,2685,1541,2306,1815,2137,1583,2574,1945,1532,1647,2275,1394,780,2325,2061,2925,2308,2917,3155,3926,3650,3252,2100,3631,3952,-3871,3822,3643,3659
Indonesia,0,0,0,0,0,0,0,0,0,0,0,0,0,0,0,0,0,0,0,0,0,0,0,0,0,0,0,0,0,0,0,0,0,0,0,0,0,0,0,0,2,0,0,0,2,0,2,13,6,6,0,32,20,21,17,38,38,78,47,75,40,64,100,100,79,133,81,113,110,94,106,91,163,80,160,179,223,181,267,163,305,280,269,176,267,251,324,286,225,116,254,193,298,352,325,187,148,304,112,208,356,187,124,298,233,224,239,210,404,282,32,286,444,322,172,408,212,258,313,564,674,367,732,352,220,153,451,481,402,-19,367,110
Iran,0,0,0,0,0,0,0,0,0,0,0,0,0,0,0,0,0,0,0,0,0,0,0,0,0,0,0,0,0,3,11,9,12,14,30,-8,99,111,146,322,395,824,310,389,1043,299,229,292,490,667,1000,1204,1268,-535,924,244,1045,576,53,-47,603,1284,658,1351,1400,2106,2391,2066,1549,2224,2033,1513,1357,601,2332,-2362,-847,-897,-980,-1306,-4770,-407,-583,-670,-386,-782,-425,-622,220,-1047,-483,-1048,-790,-681,-536,-371,-381,-465,-359,-400,-272,-295,-143,192,164,490,260,408,254,253,359,498,837,626,757,411,438,1028,537,647,570,548,14,393,77,6,285,383,826,329,432,742
Iraq,0,0,0,0,0,0,0,0,0,0,0,0,0,0,0,0,0,0,0,0,0,0,0,0,0,0,0,0,0,0,0,0,0,1,0,4,2,0,6,6,7,6,1,0,4,13,4,-3,10,-12,-1,20,6,6,8,23,-2,27,6,4,10,30,28,0,27,55,37,29,70,42,20,22,24,23,58,2,61,-3,-14,-8,-14,-9,-53,-27,-32,-26,-3,-17,-30,1,-26,-21,21,-5,35,17,3,46,46,52,28,6,58,-5,54,18,39,23,32,54,-6,-20,53,49,-13,26,50,54,-3,38,102,31,250,36,87,169,229,251,337,230,204,300
Ireland,0,0,0,0,0,0,0,0,0,0,0,0,0,0,0,0,0,0,0,0,0,0,0,0,0,0,0,0,0,0,0,0,0,0,0,0,0,0,1,0,0,1,4,0,12,0,1,2,13,8,0,47,38,0,40,49,69,264,126,102,120,217,203,233,245,299,280,190,287,308,198,389,402,294,369,354,309,340,472,1491,806,713,961,791,978,682,665,737,454,324,-8811,592,911,357,328,677,371,172,-3808,317,188,322,313,250,191,-3495,109,130,202,224,130,86,-2210,417,117,77,54,84,37,-1536,64,106,64,53,61,28,-977,30,29,47,60,74
Israel,0,0,0,0,0,0,0,0,0,0,0,0,0,0,0,0,0,0,0,0,0,0,0,0,0,0,0,0,0,0,1,0,0,0,0,1,0,1,3,3,0,2,3,5,16,6,18,0,12,4,21,26,29,58,5,25,54,123,99,160,170,188,149,1124,311,327,574,582,418,596,711,658,502,395,524,358,151,117,341,259,171,114,200,113,80,-10,-93,-60,-80,-78,-236,-157,-94,-139,-197,-153,-360,-379,-386,-223,-443,-357,-136,-280,-361,-152,-166,-306,-131,-36,-390,-219,-134,-259,-57,-251,-82,-289,-168,-62,-204,-184,-153,-58,-139,-127,-77,-33,18,-10,57,32
Italy,0,0,0,0,0,0,0,0,0,2,0,0,0,0,0,0,1,0,0,0,0,0,0,0,0,0,0,0,0,0,16,40,91,71,90,127,155,228,232,524,258,428,443,590,620,1145,1326,1598,809,1796,2462,1903,2795,2853,2470,2989,2648,4480,5359,4132,3957,4188,3204,3491,4492,4401,3651,3815,1648,2107,2937,2477,2339,2886,2972,1941,880,1195,1615,1396,1996,1984,1363,675,1127,1189,355,809,486,-20,-528,-10,-851,-321,-680,256,-290,-608,-548,-3106,-608,-239,-525,-199,-1513,-6939,-1904,-1663,-3119,-1518,-836,-1222,-2809,-2017,-4370,-1883,-1836,-1798,-1424,-2377,-1792,-1638,-1570,-1158,-1294,-2358,-1976,-2980,-1811,-2484,-1616,-708
Jamaica,0,0,0,0,0,0,0,0,0,0,0,0,0,0,0,0,0,0,0,0,0,0,0,0,0,0,0,0,0,0,0,0,0,0,0,0,0,0,0,0,0,0,0,0,0,0,0,0,0,1,1,6,0,2,-2,2,1,1,1,0,3,0,2,5,0,0,4,2,4,0,6,3,0,1,4,0,5,-3,-2,-1,2,4,-2,0,49,18,-4,20,8,50,-1,10,23,30,17,45,13,0,32,25,8,29,0,2,-16,4,9,-2,0,-16,3,-8,-11,-5,-1,6,-3,-4,-14,-17,-5,0,-3,-9,-23,-21,-7,-5,1,5,-16,-9
Japan,2,0,0,0,1,0,3,0,4,4,5,0,0,2,0,0,3,0,1,-3,-5,2,-1,1,11,16,7,7,5,10,7,17,25,12,11,18,23,14,2,14,18,8,38,29,57,11,41,5,45,36,-1,59,69,66,-31,37,11,29,-6,1,85,26,14,87,29,66,190,151,0,85,176,312,79,508,0,446,228,320,399,805,398,734,585,240,398,446,1115,343,397,0,231,242,671,408,261,45,609,-426,-329,84,-323,17,-483,-23,-185,0,-219,-143,-689,-2124,-105,-141,-329,-896,-403,22,-786,-396,43,0,-1060,-263,-228,-167,-178,-172,-147,-199,-48,-18,-44,-86
Jordan,0,0,0,0,0,0,0,0,0,0,0,0,0,0,0,0,0,0,0,0,0,0,0,0,0,0,0,0,0,0,0,0,0,0,0,0,0,0,0,0,0,1,0,0,0,0,0,0,0,0,0,-1,0,7,9,17,18,17,16,0,27,15,27,18,40,5,11,11,-1,2,-2,12,-2,-3,-14,-13,-8,-7,2,-9,2,-16,-12,-14,-11,-8,-1,2,-3,2,-12,-11,-1,-4,-3,-2,-3,-7,-6,-4,4,-3,1,1,1,0,17,10,12,16,21,14,4,3,2,8,2,11,16,-6,1,12,-5,3,-5,-100,2,97,-8,4,-10,-6
Kazakhstan,0,0,0,0,0,0,0,0,0,0,0,0,0,0,0,0,0,0,0,0,0,0,0,0,0,0,0,0,0,0,0,0,0,0,0,0,0,0,0,0,0,0,0,0,0,0,0,0,0,0,0,4,2,3,1,23,2,9,2,7,7,2,10,9,27,38,65,52,17,37,34,54,24,61,46,74,30,26,47,25,36,68,99,74,24,69,74,39,38,127,101,114,108,144,77,80,80,138,66,217,139,197,-38,38,50,87,46,142,-4,-50,-17,-77,-47,31,-60,-112,31,380,-129,82,156,432,-118,474,275,-100,180,140,199,286,290,266
Kenya,0,0,0,0,0,0,0,0,0,0,0,0,0,0,0,0,0,0,0,0,0,0,0,0,0,0,0,0,0,0,0,0,0,0,0,0,0,0,0,0,0,0,0,0,0,0,0,0,0,0,0,1,0,2,0,0,0,4,0,0,8,1,9,2,2,0,7,4,8,9,20,26,11,4,16,14,11,5,1,-5,0,4,-5,7,-4,8,12,8,-1,9,10,7,2,11,3,4,0,1,4,-5,5,21,13,19,36,37,15,9,22,-11,15,4,-4,16,20,27,45,2,29,58,71,47,31,18,52,59,117,131,106,116,59,50
"Korea, South",1,0,1,0,1,1,0,0,0,7,1,3,0,1,3,4,0,0,-1,2,1,-4,0,0,-2,1,0,-1,0,68,99,229,163,229,138,282,504,571,805,582,588,851,417,467,404,446,284,161,-95,195,63,-67,101,73,-553,-192,-43,145,84,139,-1216,0,-531,-129,-315,-301,-142,-125,-123,-59,-61,-176,-112,-213,-63,-91,-55,-37,-162,-121,-99,-96,-57,-65,-58,-123,-51,-92,-99,-61,-91,-54,-212,-124,-74,-38,-77,-61,-134,-5,-47,-47,-28,-65,-49,-83,-53,-66,-8,13,-13,0,-39,-32,-13,-24,-2,-21,-96,-58,-7,-11,6,2,-32,20,34,35,4,19,17,13
Kosovo,0,0,0,0,0,0,0,0,0,0,0,0,0,0,0,0,0,0,0,0,0,0,0,0,0,0,0,0,0,0,0,0,0,0,0,0,0,0,0,0,0,0,0,0,0,0,0,0,0,0,0,0,0,0,0,0,0,0,0,0,0,0,0,0,70,14,5,3,0,13,9,0,1,3,3,0,21,7,0,42,27,0,0,95,0,46,25,21,42,13,-2,16,17,31,24,30,-19,-21,-8,-15,0,-48,-17,-22,-86,0,-68,0,-60,-23,12,18,0,6,0,0,10,0,-44,0,11,1,11,4,-1,0,6,-6,0,-12,0,0
Kuwait,0,0,0,0,0,0,0,0,0,0,0,0,0,0,0,0,0,0,0,0,0,0,0,0,0,0,0,0,0,0,0,0,0,1,10,15,17,2,0,0,11,0,0,2,0,3,2,0,5,2,5,0,24,8,7,7,6,3,11,8,12,1,-10,0,7,9,3,17,6,22,21,24,74,50,71,105,76,106,55,71,151,71,57,28,20,100,99,70,138,16,38,135,95,99,231,32,5,-13,86,132,286,138,286,122,441,296,114,553,257,949,413,787,582,753,688,728,793,589,728,597,716,636,658,460,152,-84,49,83,488,114,-386,-802
Kyrgyzstan,0,0,0,0,0,0,0,0,0,0,0,0,0,0,0,0,0,0,0,0,0,0,0,0,0,0,0,0,0,0,0,0,0,0,0,0,0,0,0,0,0,0,0,0,0,0,0,0,0,0,0,0,0,0,0,0,3,0,3,8,0,2,26,2,0,14,0,26,7,13,4,3,12,11,3,42,12,42,8,17,32,28,29,7,12,4,0,1,45,-56,7,-16,-30,-9,0,-8,-12,-8,0,-8,-32,-10,-13,24,-13,13,1,-2,17,54,1,0,-10,29,17,-32,0,55,-44,15,30,21,-3,15,16,12,24,51,46,35,-31,58
Laos,0,0,0,0,0,0,0,0,0,0,0,0,0,0,0,0,0,0,0,0,0,0,0,0,0,0,0,0,0,0,0,0,0,0,0,0,0,0,0,0,0,0,0,0,0,0,0,0,0,0,0,0,0,0,0,0,0,0,0,0,0,0,2,1,3,0,2,0,0,1,1,0,0,0,1,1,2,1,1,0,2,1,0,-1,0,-1,0,0,0,0,0,-2,0,0,-3,0,0,0,0,-1,0,-1,0,0,0,-1,1,0,-4,0,0,0,-1,0,0,0,0,0,0,0,0,0,0,0,0,0,-2,0,0,0,0,0
Latvia,0,0,0,0,0,0,0,0,0,0,0,0,0,0,0,0,0,0,0,0,0,0,0,0,0,0,0,0,0,0,0,0,0,0,0,0,0,0,0,0,1,0,0,0,0,0,1,4,1,2,0,7,9,4,4,15,22,15,25,13,15,41,17,24,23,36,25,42,29,22,48,-18,64,16,24,-6,5,29,11,23,18,19,4,2,-19,-4,-24,30,15,12,-40,11,17,-129,20,8,5,18,-70,9,11,1,8,17,-1,-112,8,19,2,9,7,-159,0,11,-27,27,11,1,-31,4,8,-13,16,1,2,-25,3,3,-1,1,1,0
Lebanon,0,0,0,0,0,0,0,0,0,0,0,0,0,0,0,0,0,0,0,0,0,0,0,0,0,0,0,0,0,0,1,0,0,0,0,1,0,0,2,6,3,0,-1,3,6,0,10,0,8,18,0,16,16,17,0,8,13,22,6,24,57,19,51,1,32,17,18,24,2,21,1,10,9,8,6,7,5,28,1,17,9,8,2,8,12,4,5,-9,-2,3,-5,-1,-21,8,3,1,3,7,-1,4,-38,-2,1,3,-5,9,20,8,2,36,14,11,6,8,-5,10,9,16,23,7,-349,62,7,-4,5,20,18,0,-2,16,24,10
Lesotho,0,0,0,0,0,0,0,0,0,0,0,0,0,0,0,0,0,0,0,0,0,0,0,0,0,0,0,0,0,0,0,0,0,0,0,0,0,0,0,0,0,0,0,0,0,0,0,0,0,0,0,0,0,0,0,0,0,0,0,0,0,0,0,0,0,0,0,0,0,0,0,0,0,0,0,0,0,0,0,0,0,0,0,0,0,0,0,0,0,0,0,0,0,0,0,0,0,0,0,0,0,0,0,0,0,0,0,0,0,0,0,0,1,0,0,0,0,0,0,0,0,1,0,0,0,0,0,-1,0,0,0,0
Liberia,0,0,0,0,0,0,0,0,0,0,0,0,0,0,0,0,0,0,0,0,0,0,0,0,0,0,0,0,0,0,0,0,0,0,0,0,0,0,0,0,0,0,0,0,0,0,0,0,0,0,0,0,0,0,1,0,1,0,0,1,0,0,0,0,0,0,0,0,0,0,3,0,1,-1,1,1,0,16,0,5,11,2,7,0,0,0,13,0,14,8,2,-13,0,11,0,3,0,-7,0,0,9,-1,-6,8,2,-9,7,10,0,0,6,0,-14,-2,1,-4,-2,-1,1,2,-1,3,4,7,-2,-2,-1,3,2,5,-1,6
Libya,0,0,0,0,0,0,0,0,0,0,0,0,0,0,0,0,0,0,0,0,0,0,0,0,0,0,0,0,0,0,0,0,0,0,0,0,0,0,0,0,0,0,0,0,0,0,0,0,0,0,0,0,0,0,0,0,0,0,0,0,0,0,1,0,0,0,2,5,0,1,1,0,0,7,0,0,1,-6,3,0,0,0,1,9,13,-1,0,0,2,-4,0,8,0,-2,0,0,0,0,0,-1,2,-4,0,-1,0,0,0,0,0,0,-4,0,0,0,0,1,-7,0,3,1,2,-2,2,0,-1,2,21,4,13,3,24,12
Liechtenstein,0,0,0,0,0,0,0,0,0,0,0,0,0,0,0,0,0,0,0,0,0,0,0,0,0,0,0,0,0,0,0,0,0,0,0,0,0,0,0,0,0,0,1,0,0,0,0,0,0,0,0,0,3,0,0,3,21,0,0,9,0,14,0,0,5,0,0,0,6,6,0,7,0,1,0,-55,1,0,0,1,0,0,0,0,0,0,0,0,2,0,0,0,0,0,0,1,0,0,0,0,0,0,0,0,0,0,0,0,0,0,0,0,0,0,0,0,0,0,0,0,0,0,0,0,0,0,0,0,0,0,0,0
Lithuania,0,0,0,0,0,0,0,0,0,0,0,0,0,0,0,0,0,0,0,0,0,0,0,0,0,0,0,0,0,0,0,0,0,0,0,0,0,1,0,0,0,0,0,0,0,0,0,0,0,2,0,3,2,3,5,8,2,9,13,33,60,36,29,63,25,58,34,66,25,45,44,67,47,73,38,29,37,32,42,-8,26,-16,4,3,-17,-5,-12,72,43,26,-33,-39,-16,-19,-15,5,4,-170,3,-16,9,-32,1,6,-36,-37,-17,-23,-55,34,1,-11,-48,-20,-19,-13,-3,3,-14,-9,15,-51,-14,4,12,-25,-12,-2,-17,-7,-2,3
Luxembourg,0,0,0,0,0,0,0,0,0,0,0,0,0,0,0,0,0,0,0,0,0,0,0,0,0,0,0,0,0,0,0,0,0,0,0,0,0,0,1,0,0,0,0,0,1,0,1,0,2,2,12,15,16,8,18,63,62,130,149,182,122,77,224,234,119,112,223,116,37,149,135,167,-296,117,70,34,124,62,75,106,39,7,8,17,38,45,6,35,-14,-4,24,-7,-9,-2251,-65,-7,-13,11,17,-65,16,-95,-53,-22,5,-31,-47,-9,-19,-27,-14,-3,-10,-25,-10,-10,9,-11,6,3,-4,-6,-1,-8,-13,0,-2,-5,-8,4,-16,-11
MS Zaandam,0,0,0,0,0,0,0,0,0,0,0,0,0,0,0,0,0,0,0,0,0,0,0,0,0,0,0,0,0,0,0,0,0,0,0,0,0,0,0,0,0,0,0,0,0,0,0,0,0,0,0,0,0,0,0,0,0,0,0,0,0,0,0,0,0,0,2,0,0,0,5,0,0,0,0,0,0,0,0,0,0,0,0,0,0,0,0,0,0,0,0,0,0,0,0,0,0,0,0,0,0,0,0,0,0,0,0,0,0,0,0,0,0,0,0,0,0,0,0,0,0,0,0,0,0,0,0,0,0,0,0,0
Madagascar,0,0,0,0,0,0,0,0,0,0,0,0,0,0,0,0,0,0,0,0,0,0,0,0,0,0,0,0,0,0,0,0,0,0,0,0,0,0,0,0,0,0,0,0,0,0,0,0,0,0,0,0,0,0,0,0,0,0,3,0,0,9,5,2,4,3,0,13,4,14,0,2,11,0,0,10,1,1,0,0,9,-5,-1,0,-4,-3,6,1,-3,-2,-3,-8,-6,-2,0,-8,0,-7,-8,-2,2,0,13,-1,0,7,35,0,0,0,-7,0,20,17,4,43,20,13,3,33,34,39,37,35,10,44,22,41,29,58,10,49
Malawi,0,0,0,0,0,0,0,0,0,0,0,0,0,0,0,0,0,0,0,0,0,0,0,0,0,0,0,0,0,0,0,0,0,0,0,0,0,0,0,0,0,0,0,0,0,0,0,0,0,0,0,0,0,0,0,0,0,0,0,0,0,0,0,0,0,0,0,0,0,0,0,3,0,1,0,1,2,0,0,1,2,1,3,0,0,0,-2,0,0,0,1,4,10,-1,0,1,2,-1,-2,1,-2,1,1,2,0,2,-5,0,13,0,-9,0,6,0,0,2,2,0,0,1,1,9,0,-5,18,-4,0,102,65,6,5,52
Malaysia,0,0,0,3,1,0,0,3,1,0,0,0,0,2,2,0,-1,4,0,2,-2,0,1,0,-1,0,0,-6,-2,0,0,0,0,-3,0,0,1,0,2,4,0,3,14,0,33,9,5,18,12,18,0,48,32,183,138,98,106,95,117,125,92,208,60,152,216,83,97,74,63,76,32,81,154,58,85,-106,89,-12,-14,-107,16,37,-35,-37,-85,-10,-134,-83,-12,-62,0,-54,-21,-34,-50,-62,-56,-45,39,-29,29,-11,33,-16,-54,-91,-35,-20,-12,-29,-19,-94,-23,-31,-52,-57,-37,3,5,-29,-40,14,-5,27,138,125,-27,-76,37,-65,34,-13
Maldives,0,0,0,0,0,0,0,0,0,0,0,0,0,0,0,0,0,0,0,0,0,0,0,0,0,0,0,0,0,0,0,0,0,0,0,0,0,0,0,0,0,0,0,0,0,0,4,0,2,2,0,1,1,3,0,0,0,0,0,0,0,0,-5,-3,0,2,0,-3,0,1,1,0,0,0,0,0,0,0,0,0,0,0,0,-2,2,3,3,7,17,17,14,3,22,21,47,37,12,24,27,190,23,27,8,14,29,44,30,96,37,45,62,7,39,22,45,38,16,12,4,43,30,40,20,42,13,0,19,56,78,-128,54,20
Mali,0,0,0,0,0,0,0,0,0,0,0,0,0,0,0,0,0,0,0,0,0,0,0,0,0,0,0,0,0,0,0,0,0,0,0,0,0,0,0,0,0,0,0,0,0,0,0,0,0,0,0,0,0,0,0,0,0,0,0,0,0,0,0,2,2,7,7,-1,6,3,2,5,3,1,2,-6,6,-3,9,13,0,16,13,10,4,23,0,38,6,8,11,16,8,6,41,-4,18,6,50,1,-43,26,11,5,24,-14,9,1,9,-42,-19,-4,10,-5,8,3,6,-4,9,14,-4,18,31,-10,20,2,24,56,14,-6,-6,21
Malta,0,0,0,0,0,0,0,0,0,0,0,0,0,0,0,0,0,0,0,0,0,0,0,0,0,0,0,0,0,0,0,0,0,0,0,0,0,0,0,0,0,0,0,0,0,3,0,0,2,1,0,5,6,3,8,8,0,15,11,9,17,17,3,19,5,5,10,2,5,13,19,8,6,11,11,14,52,-6,37,13,19,-20,6,9,6,-25,1,-4,-18,-4,-12,-14,-38,-17,-26,-33,-2,-9,-31,-10,-30,5,-4,-4,-3,-2,-4,-3,-7,0,6,3,-1,7,-5,22,3,3,7,10,12,0,5,-2,-8,0,-6,-6,-15,-9,-9,-2
Mauritania,0,0,0,0,0,0,0,0,0,0,0,0,0,0,0,0,0,0,0,0,0,0,0,0,0,0,0,0,0,0,0,0,0,0,0,0,0,0,0,0,0,0,0,0,0,0,0,0,0,0,0,0,1,0,0,0,0,1,0,0,0,0,0,0,1,0,2,-2,-1,1,0,0,0,0,0,0,0,0,1,0,0,0,0,0,0,0,0,0,-4,0,0,0,0,0,0,0,0,0,1,0,0,0,0,0,0,0,0,0,0,0,0,1,5,4,8,10,22,19,50,10,31,26,27,2,22,2,21,51,70,60,38,58
Mauritius,0,0,0,0,0,0,0,0,0,0,0,0,0,0,0,0,0,0,0,0,0,0,0,0,0,0,0,0,0,0,0,0,0,0,0,0,0,0,0,0,0,0,0,0,0,0,0,0,0,0,0,0,0,0,0,0,3,0,9,1,13,8,6,6,33,13,8,4,21,13,17,7,17,3,31,17,23,-6,37,2,-4,-9,0,-9,-14,-16,-27,-71,-25,-16,-19,-17,-3,-19,-10,-3,-2,-1,-5,-4,-2,-2,-1,-1,-3,-1,0,0,0,0,-2,0,0,0,0,0,0,0,0,0,0,0,0,2,0,0,0,0,1,0,0,0
Mexico,0,0,0,0,0,0,0,0,0,0,0,0,0,0,0,0,0,0,0,0,0,0,0,0,0,0,0,0,0,0,0,0,0,0,0,0,0,1,3,1,0,-1,0,0,1,0,1,0,-3,1,4,14,15,12,29,11,25,45,38,48,64,50,37,69,108,128,127,141,62,120,155,119,-430,183,238,265,330,363,240,364,335,-720,246,190,244,413,518,518,226,485,584,930,990,1087,-3636,-416,37,-1249,884,1298,448,1260,220,1317,-2479,441,1725,-826,235,1450,-79,-1191,513,667,171,437,462,200,442,730,820,442,906,-6,-227,698,874,723,-106,277,476,-659
Moldova,0,0,0,0,0,0,0,0,0,0,0,0,0,0,0,0,0,0,0,0,0,0,0,0,0,0,0,0,0,0,0,0,0,0,0,0,0,0,0,0,0,0,0,0,0,0,1,0,2,0,0,3,6,11,0,6,-1,19,17,14,14,15,15,24,28,21,32,32,22,50,64,81,81,154,108,90,85,113,103,143,102,82,33,190,72,33,67,-2,18,73,16,106,42,86,114,32,37,106,-14,53,-13,8,20,79,-10,-8,38,39,29,19,40,63,142,86,184,68,122,-9,115,-239,146,-277,59,-170,-46,70,225,-59,10,22,23,58
Monaco,0,0,0,0,0,0,0,0,0,0,0,0,0,0,0,0,0,0,0,0,0,0,0,0,0,0,0,0,0,0,0,0,0,0,0,0,0,0,1,0,0,0,0,0,0,0,0,0,0,0,1,0,0,0,5,0,0,0,4,0,11,0,0,8,2,9,0,3,3,2,3,5,3,2,7,3,2,2,2,6,2,0,0,0,-8,0,-7,-2,0,-1,-3,0,-10,-6,-1,0,1,-8,-8,-6,-9,-5,0,0,-3,-1,0,0,1,0,-3,0,-2,0,0,0,0,1,0,-3,0,0,1,0,0,0,0,0,0,1,0,0
Mongolia,0,0,0,0,0,0,0,0,0,0,0,0,0,0,0,0,0,0,0,0,0,0,0,0,0,0,0,0,0,0,0,0,0,0,0,0,0,0,0,0,0,0,0,0,0,0,0,0,1,0,0,0,0,0,0,4,1,0,0,4,0,0,0,0,1,0,1,0,-2,0,2,0,0,0,0,1,-2,1,0,0,0,0,1,12,0,1,0,0,-1,1,0,1,0,1,0,1,-1,0,0,0,0,1,0,-1,0,0,0,1,-1,0,0,-1,0,56,-5,37,0,1,-2,0,0,-1,-2,-2,-1,-4,1,13,18,-1,0,6
Montenegro,0,0,0,0,0,0,0,0,0,0,0,0,0,0,0,0,0,0,0,0,0,0,0,0,0,0,0,0,0,0,0,0,0,0,0,0,0,0,0,0,0,0,0,0,0,0,0,0,0,0,0,0,0,0,0,2,0,1,11,0,7,5,20,5,17,13,2,1,6,17,14,21,29,27,13,19,5,7,4,3,7,8,2,-33,-4,15,-1,4,1,-29,-12,-13,-6,2,-29,0,-36,-10,-3,-11,-19,-13,-4,-3,1,-8,-4,-2,-7,-17,-4,-4,-9,-2,-2,0,0,0,-1,0,-2,0,0,-1,0,0,0,0,0,0,0,0
Morocco,0,0,0,0,0,0,0,0,0,0,0,0,0,0,0,0,0,0,0,0,0,0,0,0,0,0,0,0,0,0,0,0,0,0,0,0,0,0,0,0,1,0,0,1,0,0,0,0,0,2,1,0,10,11,1,8,11,14,13,17,18,28,23,53,44,55,55,74,68,49,29,47,53,108,81,84,42,84,83,51,69,78,68,111,123,236,244,86,153,166,118,209,77,157,87,110,-48,46,-84,44,46,-15,-9,-70,-21,8,-22,15,62,58,-39,-43,-46,-86,-45,0,-44,-16,-73,-88,-106,23,-188,-39,27,-64,-73,-175,-5,-66,-32,-408
Mozambique,0,0,0,0,0,0,0,0,0,0,0,0,0,0,0,0,0,0,0,0,0,0,0,0,0,0,0,0,0,0,0,0,0,0,0,0,0,0,0,0,0,0,0,0,0,0,0,0,0,0,0,0,0,0,0,0,0,0,0,0,1,0,2,2,2,0,1,0,0,0,2,0,0,-1,0,0,0,7,0,2,0,1,0,7,1,2,3,-1,0,0,0,2,4,16,5,6,0,0,0,0,3,-6,0,0,1,-2,-3,-2,-2,4,12,1,0,10,-3,9,7,8,1,6,6,2,4,23,-6,4,14,-6,-1,4,9,-6
Namibia,0,0,0,0,0,0,0,0,0,0,0,0,0,0,0,0,0,0,0,0,0,0,0,0,0,0,0,0,0,0,0,0,0,0,0,0,0,0,0,0,0,0,0,0,0,0,0,0,0,0,0,0,2,0,0,0,0,1,0,0,0,1,1,0,1,0,0,3,0,0,3,-1,0,0,2,0,0,0,0,0,0,0,0,0,0,-1,0,-2,0,0,0,0,-1,0,0,-1,0,0,0,0,0,0,0,0,0,0,-1,0,-1,-1,0,0,0,-1,-1,0,0,0,0,-1,2,1,1,1,0,0,1,0,1,0,1,-1
Nepal,0,0,0,1,0,0,0,0,0,0,0,0,0,0,0,0,0,0,0,0,0,-1,0,0,0,0,0,0,0,0,0,0,0,0,0,0,0,0,0,0,0,0,0,0,0,0,0,0,0,0,0,0,0,0,0,0,0,0,0,0,0,1,0,1,0,1,1,0,0,0,0,1,0,3,0,0,0,0,0,0,0,3,2,2,0,-1,14,1,-2,0,12,-1,0,0,-1,-1,0,2,3,0,2,0,16,0,7,11,2,-8,8,0,22,83,31,-1,17,23,3,80,26,17,25,38,68,2,53,47,86,151,150,176,168,238
Netherlands,0,0,0,0,0,0,0,0,0,0,0,0,0,0,0,0,0,0,0,0,0,0,0,0,0,0,0,0,0,0,0,0,0,0,0,0,1,0,5,4,8,6,14,44,45,60,75,56,60,120,0,298,154,168,274,276,332,390,506,607,534,513,752,778,950,1067,1079,979,794,675,887,926,884,738,1116,869,535,826,1067,1220,1185,1077,878,746,539,878,1088,1003,983,683,562,549,765,695,535,574,357,124,239,424,366,351,266,173,230,189,369,248,223,227,145,142,167,240,147,155,115,132,87,163,226,170,154,161,202,107,172,149,148,112,180,97
New Zealand,0,0,0,0,0,0,0,0,0,0,0,0,0,0,0,0,0,0,0,0,0,0,0,0,0,0,0,0,0,0,0,0,0,0,0,0,0,1,0,0,0,0,2,0,1,1,0,0,0,0,0,0,1,2,0,4,8,8,11,13,50,0,41,40,73,75,70,56,68,47,52,80,60,58,60,47,-11,9,-6,-13,-22,-31,-57,-69,-80,-27,-40,-38,-37,-53,-28,-25,-57,-19,-15,-40,-31,-13,-10,-8,-6,-1,-10,-27,-13,-15,-14,-19,-1,-12,-12,-4,-9,-9,-7,-4,0,0,-10,-5,-2,0,-1,0,-5,-1,-13,-7,0,0,0,0
Nicaragua,0,0,0,0,0,0,0,0,0,0,0,0,0,0,0,0,0,0,0,0,0,0,0,0,0,0,0,0,0,0,0,0,0,0,0,0,0,0,0,0,0,0,0,0,0,0,0,0,0,0,0,0,0,0,0,0,0,1,0,1,0,0,0,0,0,-1,2,0,0,1,0,0,0,0,1,0,0,0,1,0,1,-3,0,0,0,0,0,-3,1,0,-1,0,0,0,1,1,0,0,0,1,0,0,-1,0,1,0,0,0,0,0,0,6,0,0,0,0,0,0,28,0,25,0,0,0,0,291,0,0,0,0,0,0
Niger,0,0,0,0,0,0,0,0,0,0,0,0,0,0,0,0,0,0,0,0,0,0,0,0,0,0,0,0,0,0,0,0,0,0,0,0,0,0,0,0,0,0,0,0,0,0,0,0,0,0,0,0,0,0,0,0,0,0,1,0,1,1,0,3,3,0,0,8,7,0,45,24,22,21,25,56,24,62,56,27,53,3,0,24,14,0,19,8,4,0,-1,-63,-56,-23,-36,-15,-30,-12,-29,-11,-18,-23,2,-12,-2,-11,-18,-2,2,-2,-2,10,-6,-4,1,-1,3,-12,-15,-1,-13,2,-6,-6,2,-10,0,-5,-10,-4,-19,-6
Nigeria,0,0,0,0,0,0,0,0,0,0,0,0,0,0,0,0,0,0,0,0,0,0,0,0,0,0,0,0,0,0,0,0,0,0,0,0,0,1,0,0,0,0,0,0,0,0,0,1,0,0,0,0,0,0,0,1,4,0,4,10,7,9,4,7,14,4,19,22,14,4,38,-1,19,4,9,4,6,22,4,10,-2,-10,14,21,4,10,40,40,79,19,0,193,105,102,70,69,48,191,137,185,196,201,119,221,79,137,310,298,162,200,111,81,67,78,144,14,210,157,135,162,261,135,98,219,174,186,268,86,280,382,142,289
North Macedonia,0,0,0,0,0,0,0,0,0,0,0,0,0,0,0,0,0,0,0,0,0,0,0,0,0,0,0,0,0,0,0,0,0,0,0,1,0,0,0,0,0,0,0,0,2,0,0,0,4,0,0,6,0,0,4,8,9,13,19,18,29,20,12,28,22,18,21,16,16,42,18,30,42,48,68,3,26,10,43,42,47,68,19,6,53,83,15,28,20,-6,-19,-21,12,-11,2,-109,-44,-20,-19,-92,-44,-34,-90,-41,-14,-33,10,-7,22,-4,-42,4,-7,23,-1,5,1,14,-30,-1,28,13,-5,26,4,-2,5,20,17,11,43,65
Norway,0,0,0,0,0,0,0,0,0,0,0,0,0,0,0,0,0,0,0,0,0,0,0,0,0,0,0,0,0,0,0,0,0,0,0,1,0,5,9,4,6,7,24,31,21,39,29,28,195,198,104,294,91,131,112,130,84,195,168,204,267,233,235,219,285,381,255,267,149,188,217,259,214,177,128,173,208,-12,118,98,89,107,72,15,106,154,32,96,41,62,34,142,56,57,34,28,68,60,49,25,45,25,38,54,50,40,37,35,28,6,22,21,17,18,23,18,12,7,10,13,27,-7672,14,6,12,19,18,9,11,15,3,6
Oman,0,0,0,0,0,0,0,0,0,0,0,0,0,0,0,0,0,0,0,0,0,0,0,0,0,0,0,0,0,0,0,0,0,2,0,2,0,0,1,0,0,5,3,1,0,0,0,0,-5,0,0,1,0,3,0,2,12,9,0,4,-2,11,18,15,4,22,21,15,6,7,18,-2,21,20,21,33,34,43,0,27,62,52,113,80,96,64,48,111,28,139,97,106,32,55,111,89,20,82,143,-58,99,-220,85,3,55,138,-39,108,68,126,41,148,259,307,235,317,127,159,212,282,166,421,434,427,0,214,143,635,592,601,721,785
Pakistan,0,0,0,0,0,0,0,0,0,0,0,0,0,0,0,0,0,0,0,0,0,0,0,0,0,0,0,0,0,0,0,0,0,0,0,2,0,0,2,0,0,1,0,0,1,0,-1,0,10,2,1,8,3,22,83,100,63,142,46,229,52,98,83,87,137,168,115,100,66,216,161,265,258,126,253,555,95,186,117,50,261,-52,197,55,463,320,-21,538,649,-40,1019,417,683,541,656,523,483,473,690,360,865,864,667,317,904,1311,550,711,1985,1321,1208,1967,851,-315,1762,0,852,1363,1238,1274,1107,1507,257,1587,1430,494,590,952,670,525,1811,2092
Panama,0,0,0,0,0,0,0,0,0,0,0,0,0,0,0,0,0,0,0,0,0,0,0,0,0,0,0,0,0,0,0,0,0,0,0,0,0,0,0,0,0,0,0,0,0,0,0,0,1,6,3,16,9,7,12,14,17,23,28,63,111,29,-1,96,114,115,107,110,81,181,0,134,152,191,123,179,110,143,275,221,213,249,152,33,90,166,236,163,41,163,142,131,300,116,176,235,123,0,274,95,138,346,0,104,134,164,103,196,-3409,-27,163,-1170,111,157,144,178,150,116,26,104,84,117,302,342,253,161,-721,398,233,-1391,339,366
Papua New Guinea,0,0,0,0,0,0,0,0,0,0,0,0,0,0,0,0,0,0,0,0,0,0,0,0,0,0,0,0,0,0,0,0,0,0,0,0,0,0,0,0,0,0,0,0,0,0,0,0,0,0,0,0,0,0,0,0,0,0,1,0,0,0,0,0,0,0,0,0,0,0,0,0,0,0,0,1,0,0,0,0,0,0,0,0,0,5,0,0,0,0,0,1,0,0,0,0,0,0,0,0,0,0,0,-8,0,0,0,0,0,0,0,0,0,0,0,0,0,0,0,0,0,0,0,0,0,0,0,0,0,0,0,0
Paraguay,0,0,0,0,0,0,0,0,0,0,0,0,0,0,0,0,0,0,0,0,0,0,0,0,0,0,0,0,0,0,0,0,0,0,0,0,0,0,0,0,0,0,0,0,0,0,1,0,0,4,0,1,0,0,2,1,2,0,2,4,4,0,4,9,4,10,4,3,5,1,4,7,11,-2,8,7,-1,4,2,4,4,-3,13,11,0,6,25,-2,-2,-3,-7,-5,-5,-1,-2,0,-8,2,0,15,65,33,19,15,11,2,16,97,123,14,6,10,-7,12,-4,14,4,-15,30,-8,-11,-6,-22,3,-34,-26,-3,6,6,-6,11,-2
Peru,0,0,0,0,0,0,0,0,0,0,0,0,0,0,0,0,0,0,0,0,0,0,0,0,0,0,0,0,0,0,0,0,0,0,0,0,0,0,0,0,0,0,0,0,1,0,5,1,4,0,4,13,10,5,43,30,28,89,-3,82,45,32,19,62,87,51,31,179,55,-232,250,-69,175,-238,450,263,74,1342,792,479,769,600,1398,278,909,-2016,551,740,1029,495,1459,1322,1227,598,3316,1867,791,1665,1794,2569,2686,694,2192,509,2731,1425,2754,2610,1834,1114,386,2223,3135,3373,1770,2790,3258,834,-1793,-1017,3006,1572,860,2242,2693,3656,2696,2485,3026,3589,7909,4136
Philippines,0,0,0,0,0,0,0,0,1,0,0,0,0,0,0,0,1,0,0,0,0,-1,0,0,0,0,0,0,0,0,0,0,0,0,0,0,0,0,0,0,0,0,0,0,2,1,4,10,12,16,2,9,44,26,1,42,8,14,12,71,63,74,85,75,62,84,254,333,121,521,218,310,355,63,137,394,79,89,157,85,190,130,221,218,158,112,141,170,104,140,90,63,226,156,55,208,118,119,178,246,232,92,201,145,92,201,200,-7,31,87,210,132,102,154,76,102,127,104,104,185,141,60,89,181,205,248,268,430,903,494,754,479
Poland,0,0,0,0,0,0,0,0,0,0,0,0,0,0,0,0,0,0,0,0,0,0,0,0,0,0,0,0,0,0,0,0,0,0,0,0,0,0,0,0,0,0,1,0,4,0,6,5,6,9,17,18,34,16,44,60,13,116,70,111,96,114,150,140,168,168,247,220,184,254,193,369,423,176,442,270,384,296,293,339,317,230,199,119,307,202,351,233,473,193,78,72,87,137,169,194,57,93,24,6,-34,-14,121,143,222,-83,78,-24,23,69,201,252,-18,103,155,-24,-14,168,96,177,125,187,55,175,212,-318,85,112,185,82,-43,191
Portugal,0,0,0,0,0,0,0,0,0,0,0,0,0,0,0,0,0,0,0,0,0,0,0,0,0,0,0,0,0,0,0,0,0,0,0,0,0,0,0,0,2,0,3,3,5,7,10,0,11,18,0,52,56,76,85,116,-1,336,230,254,318,451,275,623,511,708,878,773,425,1015,781,736,815,611,725,371,634,652,777,1462,447,553,318,412,575,610,127,542,494,636,182,354,278,383,520,397,110,243,77,475,160,-201,54,199,136,132,335,380,49,116,89,-249,38,162,128,-280,-603,-1634,206,191,238,-862,143,-9706,-122,-67,18,3,62,-31,60,43
Qatar,0,0,0,0,0,0,0,0,0,0,0,0,0,0,0,0,0,0,0,0,0,0,0,0,0,0,0,0,0,0,0,0,0,0,0,0,0,0,1,2,0,4,1,0,0,0,7,3,6,238,0,58,13,64,38,0,13,8,4,-6,7,7,17,11,10,13,25,41,56,76,45,112,105,234,264,220,204,125,138,115,196,222,193,158,250,383,511,298,432,529,459,532,562,702,713,846,903,609,534,716,621,678,549,494,837,684,702,1227,1050,884,1016,1347,1266,1520,963,1304,1050,836,902,524,865,1223,1110,842,555,259,299,-152,-3215,-2880,-2805,-1626
Romania,0,0,0,0,0,0,0,0,0,0,0,0,0,0,0,0,0,0,0,0,0,0,0,0,0,0,0,0,0,0,0,0,0,0,0,1,0,2,0,0,0,0,0,2,3,-2,6,0,10,17,4,39,32,8,27,19,73,11,31,32,51,139,199,99,109,239,125,290,269,108,173,240,411,371,201,136,285,253,294,161,473,191,256,89,150,331,190,119,136,38,150,189,293,-40,111,219,194,-8,167,-210,-11,-81,90,-79,117,-87,12,-2,-185,70,11,-270,-86,-864,-144,39,-162,112,-98,-4,-36,-79,-275,-8,-38,-109,-134,-278,-22,-77,-93,-39
Russia,0,0,0,0,0,0,0,0,0,2,0,0,0,0,0,0,0,0,0,0,0,-2,0,0,0,0,0,0,0,0,0,0,0,0,0,0,0,0,0,0,1,0,0,1,9,0,3,0,3,0,8,17,9,4,27,24,33,50,54,50,57,71,51,154,173,188,224,251,299,438,364,720,551,521,634,901,1055,1084,1328,1671,1405,1916,2361,2528,3068,3096,3743,4278,5778,4069,5164,4632,4261,5112,5218,5778,5572,5228,3906,5665,6236,7777,8949,9049,8237,9011,8667,7796,5405,8534,6067,7081,5441,4354,5789,4141,5408,5999,3227,-633,1433,1600,1184,3083,3355,-3590,-2902,-588,76,559,4716,4698
Rwanda,0,0,0,0,0,0,0,0,0,0,0,0,0,0,0,0,0,0,0,0,0,0,0,0,0,0,0,0,0,0,0,0,0,0,0,0,0,0,0,0,0,0,0,0,0,0,0,0,0,0,0,0,1,0,4,2,1,0,9,0,2,17,4,1,9,4,6,10,0,5,7,2,5,13,-2,1,-3,5,0,8,-9,-1,-16,0,-3,-4,0,-3,-4,0,-5,3,-2,22,6,4,15,3,10,12,1,-5,0,-2,-1,6,0,-1,3,4,-9,-2,-10,-4,-9,1,-16,-1,5,-1,5,-4,-1,-8,8,-3,6,3,4,0,5,1
Saint Kitts and Nevis,0,0,0,0,0,0,0,0,0,0,0,0,0,0,0,0,0,0,0,0,0,0,0,0,0,0,0,0,0,0,0,0,0,0,0,0,0,0,0,0,0,0,0,0,0,0,0,0,0,0,0,0,0,0,0,0,0,0,0,0,0,0,0,2,0,0,0,0,5,1,0,1,0,0,1,0,1,0,0,1,0,0,0,2,0,0,0,0,0,1,0,-1,0,-1,0,0,0,-2,0,-2,-2,0,0,0,-4,0,0,-1,-1,0,0,0,0,0,0,0,0,0,-1,0,0,0,0,0,0,0,0,0,0,0,0,0
Saint Lucia,0,0,0,0,0,0,0,0,0,0,0,0,0,0,0,0,0,0,0,0,0,0,0,0,0,0,0,0,0,0,0,0,0,0,0,0,0,0,0,0,0,0,0,0,0,0,0,0,0,0,0,0,1,1,0,0,0,0,0,0,0,1,0,0,0,-1,0,6,0,4,0,0,0,1,0,0,0,0,0,1,0,-3,0,-7,0,0,0,0,0,-2,0,-2,0,0,0,0,0,0,2,0,0,0,1,0,0,0,-2,0,0,0,0,0,-1,0,0,0,0,0,0,0,0,0,0,0,0,0,0,0,0,0,0,0
Saint Vincent and the Grenadines,0,0,0,0,0,0,0,0,0,0,0,0,0,0,0,0,0,0,0,0,0,0,0,0,0,0,0,0,0,0,0,0,0,0,0,0,0,0,0,0,0,0,0,0,0,0,0,0,0,0,0,0,1,0,0,0,0,0,0,0,0,0,0,0,0,0,-1,0,0,0,0,1,1,4,0,0,1,0,4,0,0,0,0,0,0,0,0,0,0,0,-1,0,0,-1,0,0,-2,0,1,0,0,0,0,0,0,0,0,0,0,0,0,-3,0,0,-2,0,0,0,0,1,0,0,0,0,0,0,0,7,1,-1,0,0
San Marino,0,0,0,0,0,0,0,0,0,0,0,0,0,0,0,0,0,0,0,0,0,0,0,0,0,0,0,0,0,0,0,0,0,0,0,0,1,0,0,0,7,1,6,5,0,2,13,0,14,11,6,9,-4,21,6,0,6,0,22,-6,31,12,-1,21,0,15,-2,0,-4,5,0,-3,0,6,-1,0,6,0,45,10,8,0,0,14,1,50,6,17,6,0,12,12,12,11,0,24,0,15,5,-3,7,-1,-1,0,1,14,5,-7,2,-9,-4,-21,5,-6,-13,-8,-2,-2,-7,-8,-13,-16,-9,0,-3,-5,-18,-25,-21,-13,0,-2
Sao Tome and Principe,0,0,0,0,0,0,0,0,0,0,0,0,0,0,0,0,0,0,0,0,0,0,0,0,0,0,0,0,0,0,0,0,0,0,0,0,0,0,0,0,0,0,0,0,0,0,0,0,0,0,0,0,0,0,0,0,0,0,0,0,0,0,0,0,0,0,0,0,0,0,0,0,0,0,0,4,0,0,0,0,0,0,0,0,0,0,0,0,0,0,0,0,0,0,0,0,0,0,0,6,1,0,0,5,151,0,12,20,0,0,0,0,11,14,0,0,0,11,4,0,0,0,0,0,45,77,2,15,5,16,4,1
Saudi Arabia,0,0,0,0,0,0,0,0,0,0,0,0,0,0,0,0,0,0,0,0,0,0,0,0,0,0,0,0,0,0,0,0,0,0,0,0,0,0,0,0,1,0,0,4,0,0,6,4,4,1,24,41,17,0,14,49,0,103,68,40,119,51,192,131,107,90,96,63,105,58,52,96,127,67,150,136,123,121,317,342,342,381,422,343,445,455,699,847,1014,1024,991,964,1038,1042,1022,1078,1110,1005,1151,1136,945,1145,1175,1296,631,326,768,369,670,592,677,-618,-469,600,-520,1033,670,-441,-386,837,-42,-334,194,104,78,-863,-771,-1903,-896,-274,-1705,-5
Senegal,0,0,0,0,0,0,0,0,0,0,0,0,0,0,0,0,0,0,0,0,0,0,0,0,0,0,0,0,0,0,0,0,0,0,0,0,0,0,0,0,1,1,2,0,0,0,-1,0,0,0,0,6,0,14,-1,2,5,0,7,6,20,12,4,12,6,12,4,3,20,0,9,-5,1,5,-7,-6,-2,-1,-4,1,-2,-17,4,3,8,17,3,-6,8,-7,28,18,33,60,55,48,64,75,40,32,69,79,63,45,2,80,-11,10,47,66,112,82,68,22,71,60,27,-40,12,44,30,37,-39,30,24,-20,69,-6,27,82,70,37
Serbia,0,0,0,0,0,0,0,0,0,0,0,0,0,0,0,0,0,0,0,0,0,0,0,0,0,0,0,0,0,0,0,0,0,0,0,0,0,0,0,0,0,0,0,0,1,0,0,0,4,7,7,16,11,2,6,10,18,20,31,36,50,26,40,80,18,73,193,79,41,115,148,108,297,143,277,285,244,215,200,233,272,244,419,402,403,441,-169,194,203,192,148,202,85,175,231,228,200,165,190,228,0,260,-27,66,-32,-137,-135,-201,-196,0,-417,-245,-174,-183,-154,-123,-122,2,-74,-64,-219,-66,-91,-91,-30,-113,-163,-137,-33,-55,-62,-11
Seychelles,0,0,0,0,0,0,0,0,0,0,0,0,0,0,0,0,0,0,0,0,0,0,0,0,0,0,0,0,0,0,0,0,0,0,0,0,0,0,0,0,0,0,0,0,0,0,0,0,0,0,0,0,2,0,1,1,0,2,1,0,0,0,0,0,0,0,1,0,0,2,0,0,0,0,0,1,0,0,0,0,0,0,0,0,0,0,-5,0,0,0,0,0,-1,0,0,0,0,0,0,0,0,0,0,0,-2,0,0,0,0,-2,0,0,0,0,0,0,0,-1,0,0,0,0,0,0,0,0,0,0,0,0,0,0
Sierra Leone,0,0,0,0,0,0,0,0,0,0,0,0,0,0,0,0,0,0,0,0,0,0,0,0,0,0,0,0,0,0,0,0,0,0,0,0,0,0,0,0,0,0,0,0,0,0,0,0,0,0,0,0,0,0,0,0,0,0,0,0,0,0,0,0,0,0,0,0,0,1,1,0,0,2,2,0,0,1,0,1,0,2,0,1,2,2,11,4,-1,8,7,11,-2,17,0,9,0,9,0,8,12,18,3,3,13,12,4,25,29,7,25,0,17,21,38,4,5,6,-4,-3,14,-7,3,85,-26,13,27,-34,-8,-7,-30,-17
Singapore,0,1,2,0,1,1,2,0,3,3,3,2,0,6,4,0,2,1,7,5,-5,-3,8,7,4,3,-4,-1,-2,0,-2,0,-10,0,0,-7,0,0,-1,4,-4,2,0,7,13,8,12,0,10,0,0,21,4,14,13,18,47,32,30,29,19,54,37,69,40,38,55,27,19,35,69,27,48,59,97,42,73,113,233,165,154,201,359,308,406,697,597,910,568,1393,1073,958,1009,865,572,873,762,495,630,471,907,367,595,524,570,671,663,440,497,451,-19,223,-283,-412,-482,-630,-316,-190,-79,-272,-463,-264,-245,-446,-518,-323,-299,-645,-726,-590,-454,-360
Slovakia,0,0,0,0,0,0,0,0,0,0,0,0,0,0,0,0,0,0,0,0,0,0,0,0,0,0,0,0,0,0,0,0,0,0,0,0,0,0,0,0,0,0,0,0,1,0,2,0,4,3,6,16,12,10,9,9,32,18,14,41,1,1,18,12,15,43,23,22,17,31,36,24,19,21,14,50,42,98,12,14,13,14,-57,60,-14,96,63,0,55,-11,18,19,76,-34,-18,-3,-7,-19,-56,-36,-27,-47,-10,-20,-90,-13,-29,-89,-14,-20,-18,-17,-73,-44,-16,-8,-11,-21,-7,-38,-8,-10,-23,-16,-4,-13,-3,0,-6,-17,-10,-1
Slovenia,0,0,0,0,0,0,0,0,0,0,0,0,0,0,0,0,0,0,0,0,0,0,0,0,0,0,0,0,0,0,0,0,0,0,0,0,0,0,0,0,0,0,0,2,5,0,9,0,15,26,32,52,39,38,34,22,0,11,55,42,30,27,37,37,33,67,52,44,26,42,39,-6,34,32,14,-1,32,10,22,25,12,12,3,7,10,11,31,-7,7,1,5,-1,7,6,6,5,5,1,0,6,4,-3,-4,-1,2,0,0,-5,0,1,3,-2,0,-6,-2,-2,-1,-1062,-2,-2,-1,0,0,-1,-5,-1,-6,0,-1,0,-1,-1
Somalia,0,0,0,0,0,0,0,0,0,0,0,0,0,0,0,0,0,0,0,0,0,0,0,0,0,0,0,0,0,0,0,0,0,0,0,0,0,0,0,0,0,0,0,0,0,0,0,0,0,0,0,0,0,0,1,0,0,0,0,0,0,0,0,0,1,1,0,0,0,1,0,0,2,0,0,0,1,3,0,9,0,3,34,0,17,0,35,18,28,71,49,0,30,0,60,39,41,37,53,8,0,64,40,14,62,25,31,0,61,46,31,76,45,59,0,58,59,22,30,59,5,0,0,0,59,3,8,47,0,70,34,33
South Africa,0,0,0,0,0,0,0,0,0,0,0,0,0,0,0,0,0,0,0,0,0,0,0,0,0,0,0,0,0,0,0,0,0,0,0,0,0,0,0,0,0,0,0,1,0,0,2,0,4,6,4,7,14,13,11,0,54,34,52,38,34,128,148,147,218,223,17,92,45,25,8,82,-6,80,68,30,62,91,89,-252,24,145,97,143,84,-408,176,249,122,-14,165,163,-110,263,134,184,244,-400,344,297,-18,211,439,233,342,-176,416,646,-313,397,441,698,323,-285,369,422,629,604,79,-214,1104,-194,1208,222,163,-218,935,522,1080,672,983,1170
South Sudan,0,0,0,0,0,0,0,0,0,0,0,0,0,0,0,0,0,0,0,0,0,0,0,0,0,0,0,0,0,0,0,0,0,0,0,0,0,0,0,0,0,0,0,0,0,0,0,0,0,0,0,0,0,0,0,0,0,0,0,0,0,0,0,0,0,0,0,0,0,0,0,0,0,0,1,0,1,0,1,1,0,0,0,0,0,0,0,0,0,0,0,0,1,0,0,1,0,28,0,1,10,0,1,0,6,6,16,44,0,0,36,38,9,-1,28,0,54,0,0,0,191,78,90,0,151,0,186,0,0,0,0,0
Spain,0,0,0,0,0,0,0,0,0,0,1,0,0,0,0,0,0,0,1,0,0,0,0,0,-2,0,0,0,0,0,0,0,0,0,4,7,2,17,13,39,36,44,56,36,139,67,166,387,615,412,-1,2867,773,1313,2078,1117,2019,3820,1753,4095,2547,5829,3033,7218,5905,4818,3744,3630,4862,4740,3884,2890,2514,2514,923,1972,1792,718,203,914,788,-81,385,-635,1102,2753,5204,846,3978,-2093,1611,375,860,-13506,-816,-1223,-1003,-666,-4708,-2853,1781,-4389,-934,-2060,-1010,-1764,-1600,-1456,-2262,-1585,1990,-1423,-1366,-1919,-904,-1252,0,-3168,362,408,430,1099,416,408,1546,576,0,1645,656,660,249,159
Sri Lanka,0,0,0,0,0,1,0,0,0,0,0,0,0,0,0,0,0,-1,0,0,0,0,0,0,0,0,0,0,0,0,0,0,0,0,0,0,0,0,0,0,0,0,0,0,0,0,0,0,0,1,0,4,4,8,10,16,7,7,13,6,3,15,6,-1,0,0,4,2,0,19,-2,4,5,3,4,-3,2,1,-4,-5,8,10,7,11,3,-5,-3,1,7,31,2,17,36,50,31,61,59,23,28,-4,19,5,1,22,0,24,10,3,-8,-45,-16,-3,10,-53,-22,-18,3,-10,25,-14,7,-3,-19,38,19,120,130,48,19,35,-7,-1
Sudan,0,0,0,0,0,0,0,0,0,0,0,0,0,0,0,0,0,0,0,0,0,0,0,0,0,0,0,0,0,0,0,0,0,0,0,0,0,0,0,0,0,0,0,0,0,0,0,0,0,0,0,0,0,0,0,0,1,0,0,0,0,0,1,0,0,0,2,1,-1,0,-1,1,2,0,2,0,2,0,1,2,2,0,6,2,0,0,0,27,0,37,0,28,29,0,33,19,36,30,53,57,79,48,0,77,87,60,63,164,31,165,144,118,122,0,138,302,0,269,92,0,377,161,189,139,106,0,99,0,70,-206,51,36
Suriname,0,0,0,0,0,0,0,0,0,0,0,0,0,0,0,0,0,0,0,0,0,0,0,0,0,0,0,0,0,0,0,0,0,0,0,0,0,0,0,0,0,0,0,0,0,0,0,0,0,0,0,0,1,0,0,0,0,0,3,0,1,0,2,1,0,0,0,0,0,1,1,0,-1,0,0,0,0,-3,-1,0,0,0,-2,0,0,0,0,0,0,0,0,0,0,-1,0,0,0,0,-1,0,0,0,-1,0,0,0,0,0,0,0,0,0,0,0,0,0,0,1,0,0,0,0,0,0,0,0,1,0,0,2,9,21
Sweden,0,0,0,0,0,0,0,0,0,1,0,0,0,0,0,0,0,0,0,0,0,0,0,0,0,0,0,0,0,0,0,0,0,0,0,1,5,0,5,2,1,6,14,59,7,60,42,44,107,144,99,215,146,60,78,86,86,144,195,120,170,108,229,214,299,201,378,248,292,373,366,552,411,297,359,300,373,630,616,291,449,320,445,383,312,314,609,495,534,352,360,510,667,226,570,461,206,614,574,666,361,546,225,-2755,410,615,-291,507,611,396,317,545,490,604,508,442,461,215,377,636,609,583,312,265,353,501,553,593,665,592,429,264
Switzerland,0,0,0,0,0,0,0,0,0,0,0,0,0,0,0,0,0,0,0,0,0,0,0,0,0,0,0,0,0,0,0,0,0,0,1,0,7,0,10,9,15,12,33,23,100,54,68,37,116,159,0,480,218,840,0,487,316,1034,1206,1260,760,1299,1080,989,876,-322,1115,652,806,609,-36,-35,-109,-745,546,-1134,-108,-143,-82,-54,-478,-362,-759,212,-1365,-146,-200,-415,-389,-632,-730,-326,-512,-259,-93,-344,-352,-334,126,-642,-398,-196,-212,-646,-183,-259,-139,-132,-263,-149,-173,14,-270,48,45,-243,-87,-95,-84,-61,-70,8,-84,-90,-97,13,-87,18,32,-83,-84,9
Syria,0,0,0,0,0,0,0,0,0,0,0,0,0,0,0,0,0,0,0,0,0,0,0,0,0,0,0,0,0,0,0,0,0,0,0,0,0,0,0,0,0,0,0,0,0,0,0,0,0,0,0,0,0,0,0,0,0,0,0,0,1,0,0,4,0,0,0,3,0,0,0,6,0,-2,3,0,-1,-1,0,0,5,0,0,4,4,0,5,0,0,0,2,0,0,0,-5,-2,-5,-2,0,0,-5,0,0,0,0,1,0,0,0,0,0,0,1,0,-5,1,7,0,0,0,0,-1,11,12,20,15,-2,1,0,0,-4,1
Taiwan*,1,0,2,0,1,1,3,0,1,1,0,0,0,1,0,4,0,1,1,0,0,0,0,-1,0,1,2,0,1,1,2,0,2,-1,1,1,0,1,2,1,-2,1,0,2,1,0,-1,-2,0,1,-2,1,3,6,8,8,23,4,26,16,16,26,19,20,17,15,15,15,-4,16,7,4,4,7,8,3,3,-1,-5,-23,-5,-7,5,-15,2,-31,-11,-9,11,-12,-11,-18,-16,-10,-10,-6,-9,-17,-4,-11,-2,3,-4,0,0,-4,-7,-8,-6,-5,-3,-4,-3,-8,-4,-2,-6,-3,0,0,0,-9,-3,-3,-1,-1,-3,-1,1,-1,-2,-3
Tajikistan,0,0,0,0,0,0,0,0,0,0,0,0,0,0,0,0,0,0,0,0,0,0,0,0,0,0,0,0,0,0,0,0,0,0,0,0,0,0,0,0,0,0,0,0,0,0,0,0,0,0,0,0,0,0,0,0,0,0,0,0,0,0,0,0,0,0,0,0,0,0,0,0,0,0,0,0,0,0,0,0,0,0,0,0,0,0,0,0,0,0,0,0,0,0,0,0,0,0,0,15,0,59,52,101,61,83,78,61,82,0,48,68,70,100,207,201,199,203,-434,375,207,-418,53,111,77,143,0,40,28,25,-16,-2
Tanzania,0,0,0,0,0,0,0,0,0,0,0,0,0,0,0,0,0,0,0,0,0,0,0,0,0,0,0,0,0,0,0,0,0,0,0,0,0,0,0,0,0,0,0,0,0,0,0,0,0,0,0,0,0,0,1,0,2,3,0,0,6,0,0,0,1,-1,1,0,5,-1,1,-1,-1,0,2,2,-2,1,0,5,0,0,15,4,30,6,52,0,21,81,0,30,0,-22,0,0,0,0,56,0,0,0,0,0,0,0,0,8,0,0,0,0,0,0,0,0,0,0,0,0,0,0,0,0,0,0,0,0,0,0,0,0
Thailand,2,1,2,2,-1,0,3,0,0,5,0,0,0,6,0,0,0,2,0,0,1,0,-2,0,0,-1,0,0,0,0,-2,0,-4,0,1,3,0,-5,1,-1,-2,0,0,4,1,2,0,0,1,5,11,4,7,32,33,24,34,60,50,89,186,122,95,89,93,81,108,142,2,13,-45,101,-8,26,-20,48,-58,108,0,-24,-79,-53,-44,-84,-64,-70,-69,-65,-109,-44,-91,-230,-66,-50,0,-32,-7,-38,-4,-12,-29,-7,-4,17,-6,-14,-8,-4,0,-2,4,0,-46,-5,3,-1,2,2,2,-30,-6,-13,-3,-5,-6,2,7,-3,11,-15,2,-1
Timor-Leste,0,0,0,0,0,0,0,0,0,0,0,0,0,0,0,0,0,0,0,0,0,0,0,0,0,0,0,0,0,0,0,0,0,0,0,0,0,0,0,0,0,0,0,0,0,0,0,0,0,0,0,0,0,0,0,0,0,0,0,0,1,0,0,0,0,0,0,0,0,0,0,0,0,0,0,0,0,0,0,0,0,0,2,2,2,10,0,0,1,3,1,0,0,0,0,0,0,-4,0,-10,0,0,0,-4,0,0,-1,0,0,0,0,0,0,0,-3,0,0,0,0,0,0,0,0,0,0,0,0,0,0,0,0,0
Togo,0,0,0,0,0,0,0,0,0,0,0,0,0,0,0,0,0,0,0,0,0,0,0,0,0,0,0,0,0,0,0,0,0,0,0,0,0,0,0,0,0,0,0,0,1,0,0,0,0,0,0,0,0,0,0,0,0,0,7,7,0,2,2,3,0,1,0,0,5,-5,1,-4,0,1,0,11,7,5,2,2,0,-4,1,-3,1,-12,-1,0,-3,-2,-1,2,-3,2,3,2,0,0,8,4,6,0,0,-5,2,-3,-1,9,6,18,7,15,16,19,25,32,-2,26,7,-1,6,6,-2,0,-16,-11,-2,13,1,1,4,-3
Trinidad and Tobago,0,0,0,0,0,0,0,0,0,0,0,0,0,0,0,0,0,0,0,0,0,0,0,0,0,0,0,0,0,0,0,0,0,0,0,0,0,0,0,0,0,0,0,0,0,0,0,0,0,0,0,0,2,0,2,1,2,2,0,39,1,1,7,2,5,-1,7,4,4,5,1,4,3,5,0,0,2,0,2,0,-8,-3,0,-1,-1,-1,0,-1,0,-1,-5,-9,-11,0,-5,-1,-4,0,-12,-1,-11,-5,-5,-6,-4,0,0,0,-1,-3,0,0,0,0,0,0,0,0,0,0,-1,0,0,0,0,0,0,0,0,1,0,0
Tunisia,0,0,0,0,0,0,0,0,0,0,0,0,0,0,0,0,0,0,0,0,0,0,0,0,0,0,0,0,0,0,0,0,0,0,0,0,0,0,0,0,0,0,1,0,0,0,1,0,3,2,0,9,2,0,2,4,5,9,15,6,12,14,24,57,23,30,49,34,-1,80,25,30,36,58,17,22,6,4,14,28,-7,19,16,21,32,40,42,0,14,-100,0,-17,9,0,4,1,-46,7,-10,2,-7,3,-1,-74,-72,-106,-9,-35,-20,-40,-27,-13,-19,-11,-29,-3,-9,2,-7,-35,-20,-18,-12,0,-2,-10,0,8,-5,1,-9,3
Turkey,0,0,0,0,0,0,0,0,0,0,0,0,0,0,0,0,0,0,0,0,0,0,0,0,0,0,0,0,0,0,0,0,0,0,0,0,0,0,0,0,0,0,0,0,0,0,0,0,0,1,0,4,0,1,12,28,51,92,166,306,545,286,336,520,1180,2036,1660,1757,1516,2577,1995,2295,2648,2635,2806,2789,3560,3766,3664,4368,4501,4211,3484,3113,3291,3261,2685,1840,2327,3097,3004,1407,987,-233,-1090,-1300,-2615,-2718,-2384,-2324,-2818,-2546,-3283,-3465,-3346,-2728,-2862,-1612,-1588,-1716,-2030,-1458,-1245,-735,-443,-435,-501,-488,-324,-143,-69,-196,-337,17,-363,-572,-285,-424,-481,-64,-175,-170
US,1,0,1,0,3,0,0,0,0,2,1,0,3,0,0,0,0,0,-3,0,1,0,1,0,0,0,0,0,0,0,0,0,0,36,-1,6,1,1,7,6,19,19,27,69,46,133,112,68,367,315,372,506,538,793,1094,1742,1225,5857,5409,6205,7533,10383,9668,11597,17266,17395,19146,16855,17482,23474,22836,28452,29762,26674,23474,25863,26325,27658,30804,28070,25441,25099,13033,20373,22173,26616,25655,23886,19552,22166,21882,23998,23670,15543,29241,19889,16638,17737,19931,-5741,22022,16285,19418,14067,19223,22470,20359,21431,10465,15344,901,22267,6124,22605,19085,6143,14240,9853,12472,16847,19925,-29203,9463,14504,6135,12173,10152,12895,16618,13164,-8895,6931
Uganda,0,0,0,0,0,0,0,0,0,0,0,0,0,0,0,0,0,0,0,0,0,0,0,0,0,0,0,0,0,0,0,0,0,0,0,0,0,0,0,0,0,0,0,0,0,0,0,0,0,0,0,0,0,0,0,0,0,0,0,1,0,8,0,5,0,9,7,3,0,11,0,1,3,0,4,0,0,1,0,0,-4,1,-3,0,-4,-8,1,-3,-6,-9,5,-5,10,1,0,4,-1,-5,2,2,2,3,1,5,1,2,1,0,15,5,0,8,10,13,43,24,0,21,12,2,-105,13,23,0,23,31,28,36,9,84,4,40
Ukraine,0,0,0,0,0,0,0,0,0,0,0,0,0,0,0,0,0,0,0,0,0,0,0,0,0,0,0,0,0,0,0,0,0,0,0,0,0,0,0,0,0,1,0,0,0,0,0,0,0,0,0,1,0,0,4,6,0,2,12,17,26,0,24,46,51,110,42,117,68,91,143,95,167,145,75,10,136,192,209,283,286,246,307,243,358,346,432,407,263,239,397,397,485,185,478,426,357,254,334,394,269,458,443,332,97,254,195,173,297,356,171,273,45,-22,133,74,206,144,-109,15,189,75,71,215,127,-23,-113,22,-76,-1,229,359
United Arab Emirates,0,0,0,0,0,0,0,4,0,0,0,1,0,0,0,0,0,2,0,1,0,-1,0,0,-2,0,0,0,0,0,0,4,0,0,0,0,0,5,2,0,0,6,0,2,0,14,0,0,24,-5,11,0,0,7,0,0,12,22,-2,6,0,45,43,78,0,72,63,95,36,52,148,175,227,223,275,253,263,247,300,218,202,293,223,328,326,397,382,0,377,408,404,374,423,394,398,440,372,443,392,445,437,432,458,353,266,329,281,279,155,259,100,150,211,289,347,189,144,-237,-344,-83,-56,-53,112,219,218,449,492,246,224,275,273,227
United Kingdom,0,0,0,0,0,0,0,0,0,2,0,0,0,0,0,0,1,0,0,5,0,0,0,0,0,-7,0,0,0,0,0,0,0,4,0,0,2,5,3,13,4,11,35,30,47,32,67,47,57,75,-2,342,324,-14,381,361,634,31,1262,997,643,907,1216,1290,1978,2648,2273,2253,2279,2637,3713,3643,3785,3020,5299,3214,2594,4469,3280,7351,4395,4642,3941,4208,3747,3622,4669,4407,5337,4109,2952,3574,3850,4369,4035,4044,3941,3085,3250,5362,5430,4189,4022,3692,3703,5459,5043,3998,3546,3655,3659,2773,2740,3015,3175,2978,3364,2522,1874,-900,2271,2939,2671,2292,1500,3918,1603,1511,1770,1382,1821,993
Uruguay,0,0,0,0,0,0,0,0,0,0,0,0,0,0,0,0,0,0,0,0,0,0,0,0,0,0,0,0,0,0,0,0,0,0,0,0,0,0,0,0,0,0,0,0,0,0,0,0,0,0,0,4,2,2,21,21,29,15,16,25,23,4,27,28,21,36,28,6,11,-23,-10,11,-1,6,-6,-10,-19,-10,3,13,-3,-28,-15,-3,-12,-5,-2,5,10,-8,-5,-7,-9,-9,30,4,3,-3,-13,6,-13,-1,1,-3,-8,-15,5,-5,1,0,-2,-3,-11,3,2,-4,-6,-2,-9,-1,-3,-5,-4,3,7,-7,2,4,-21,3,-1,-3
Uzbekistan,0,0,0,0,0,0,0,0,0,0,0,0,0,0,0,0,0,0,0,0,0,0,0,0,0,0,0,0,0,0,0,0,0,0,0,0,0,0,0,0,0,0,0,0,0,0,0,0,0,0,0,0,0,1,5,4,5,8,10,10,0,3,4,10,15,7,15,38,5,23,4,11,22,39,71,115,63,24,29,38,142,74,114,153,129,25,29,46,44,26,-46,-56,-69,-15,-28,-75,-68,-65,-42,0,-32,-27,-18,-46,-78,-50,-14,-92,-47,34,-39,11,26,-27,19,-3,-20,-30,40,50,-10,-21,47,16,-17,71,47,49,-10,23,22,57
Venezuela,0,0,0,0,0,0,0,0,0,0,0,0,0,0,0,0,0,0,0,0,0,0,0,0,0,0,0,0,0,0,0,0,0,0,0,0,0,0,0,0,0,0,0,0,0,0,0,0,0,0,0,0,2,8,7,16,3,6,0,28,-15,7,7,7,16,-17,3,0,15,0,6,-1,-4,2,4,-7,0,0,-15,0,-5,6,-9,0,7,7,0,21,25,0,28,-2,19,1,5,-3,-1,0,2,-4,2,10,2,0,4,0,-7,2,14,9,-4,-14,0,32,-5,33,37,65,131,66,58,62,66,111,16,33,34,80,42,89,51,149
Vietnam,0,2,0,0,0,0,0,0,0,0,3,0,2,0,0,2,0,3,0,1,-4,0,0,0,0,0,0,0,0,0,-7,0,0,0,-2,0,0,0,0,0,0,0,0,0,0,2,12,0,1,7,1,8,6,3,5,5,9,10,6,2,19,10,11,7,9,10,10,10,-15,6,1,3,-6,-2,1,-1,-24,-1,2,-14,1,4,1,-22,-1,-5,-21,-3,-1,-12,-2,-7,-1,6,-5,0,0,3,0,3,0,0,1,0,-13,0,16,-8,0,0,-8,-3,0,16,2,4,2,1,0,0,-3,-1,1,0,-4,1,-6,0,0,0,0,-14
West Bank and Gaza,0,0,0,0,0,0,0,0,0,0,0,0,0,0,0,0,0,0,0,0,0,0,0,0,0,0,0,0,0,0,0,0,0,0,0,0,0,0,0,0,0,0,0,4,3,9,0,3,7,4,0,1,4,3,0,1,2,3,-14,1,4,7,0,0,24,7,6,11,7,3,15,27,30,23,16,18,-11,0,0,2,-11,2,2,7,6,3,7,6,4,10,0,6,-2,-3,0,0,0,13,1,-5,9,0,-1,-16,-16,-44,-1,-52,0,-35,-38,-7,-2,0,-5,-13,-1,5,-6,7,25,0,-3,-9,0,-2,5,9,0,1,-3,1
Western Sahara,0,0,0,0,0,0,0,0,0,0,0,0,0,0,0,0,0,0,0,0,0,0,0,0,0,0,0,0,0,0,0,0,0,0,0,0,0,0,0,0,0,0,0,0,0,0,0,0,0,0,0,0,0,0,0,0,0,0,0,0,0,0,0,0,0,0,0,0,0,0,0,0,0,0,4,0,0,0,0,0,0,2,0,0,0,0,0,0,0,0,0,0,-5,0,0,0,0,0,0,0,0,0,0,0,0,0,0,0,0,0,-1,0,0,0,0,0,0,0,0,0,0,0,0,3,0,-1,0,0,0,0,0,0
Yemen,0,0,0,0,0,0,0,0,0,0,0,0,0,0,0,0,0,0,0,0,0,0,0,0,0,0,0,0,0,0,0,0,0,0,0,0,0,0,0,0,0,0,0,0,0,0,0,0,0,0,0,0,0,0,0,0,0,0,0,0,0,0,0,0,0,0,0,0,0,0,0,0,0,0,0,0,0,0,0,1,0,0,0,0,0,0,0,0,0,0,0,0,0,-1,0,0,0,0,5,-2,1,3,0,2,8,2,0,7,0,16,4,8,3,15,18,13,4,2,25,15,10,6,-3,8,9,11,3,17,-3,13,9,27
Zambia,0,0,0,0,0,0,0,0,0,0,0,0,0,0,0,0,0,0,0,0,0,0,0,0,0,0,0,0,0,0,0,0,0,0,0,0,0,0,0,0,0,0,0,0,0,0,0,0,0,0,0,0,0,0,0,0,2,0,0,0,1,0,0,9,4,6,6,1,6,0,1,2,-2,0,-1,-2,-2,0,-17,-1,-3,1,2,0,3,0,4,2,3,2,5,4,0,8,0,-1,0,7,-10,8,-16,9,2,13,-13,-2,5,6,81,10,0,174,-2,208,0,-34,69,4,11,55,-71,20,0,0,0,0,-306,0,0,0,0,-101
Zimbabwe,0,0,0,0,0,0,0,0,0,0,0,0,0,0,0,0,0,0,0,0,0,0,0,0,0,0,0,0,0,0,0,0,0,0,0,0,0,0,0,0,0,0,0,0,0,0,0,0,0,0,0,0,0,0,0,0,0,0,1,2,0,-1,0,0,0,2,2,0,0,1,0,1,0,0,0,1,0,-1,0,2,1,0,3,0,5,0,0,1,0,0,3,-1,0,1,2,0,-2,0,0,8,0,-6,0,0,0,0,0,-4,1,1,0,0,-2,-1,5,0,-2,1,0,2,3,0,5,-7,0,0,76,14,0,24,4,25
