Afghanistan,0,0,0,0,0,0,0,0,0,0,0,0,0,0,0,0,0,0,0,0,0,0,0,0,0,0,0,0,0,0,0,0,0,1,0,0,0,0,0,0,0,0,0,0,0,0,3,0,1,2,0,0,4,5,4,1,0,0,2,0,16,0,34,9,10,16,0,10,50,1,63,31,8,18,45,15,56,10,37,37,34,52,58,41,67,45,21,14,44,26,51,68,90,63,112,49,159,117,87,224,114,113,221,138,306,131,161,211,225,313,285,224,225,370,360,349,229,385,532,412,523,482,738,549,569,627,615,509,573,822,655,445
Albania,0,0,0,0,0,0,0,0,0,0,0,0,0,0,0,0,0,0,0,0,0,0,0,0,0,0,0,0,0,0,0,0,0,0,0,0,0,0,0,0,0,0,0,0,0,0,0,2,8,2,11,10,5,4,9,4,4,5,6,4,13,15,11,16,28,-2,11,13,0,12,1,9,14,19,23,4,-9,-6,-2,-10,2,-7,6,-8,16,-2,15,-10,2,9,7,14,0,6,25,7,-2,5,-8,-8,-9,-24,-6,-4,-10,-13,0,-7,-1,-11,0,-24,-2,12,7,8,12,-10,-14,-1,-8,6,2,3,0,17,12,15,-5,17,0,1
Algeria,0,0,0,0,0,0,0,0,0,0,0,0,0,0,0,0,0,0,0,0,0,0,0,0,0,0,0,0,0,0,0,0,0,0,1,0,0,0,0,0,2,2,7,0,5,0,2,1,0,0,-4,2,7,11,6,6,14,-7,3,49,29,29,75,-3,101,42,43,57,67,123,116,139,184,52,69,103,22,-20,-16,37,9,-42,59,-3,73,33,87,68,-58,37,40,47,-54,67,58,97,85,39,148,81,106,90,115,112,121,29,59,43,110,33,5,19,126,89,74,54,100,64,55,-57,92,-4,25,-165,234,23,-51,-8,-8,6,-72,-27
Andorra,0,0,0,0,0,0,0,0,0,0,0,0,0,0,0,0,0,0,0,0,0,0,0,0,0,0,0,0,0,0,0,0,0,0,0,0,0,0,0,0,1,0,0,0,0,0,0,0,0,0,-1,1,-1,0,1,37,0,14,22,13,25,20,31,24,36,43,41,26,27,6,14,38,5,22,30,19,12,6,13,5,0,-20,8,13,-27,0,1,-6,-21,-9,-34,-21,-24,-3,7,0,-36,-13,-25,-43,0,-2,-20,-4,-14,-7,-4,-11,-6,-4,0,-15,-6,-19,-8,-11,-2,-7,-4,-10,0,-13,-1,0,-9,-13,0,-5,-2,-8,-2,-3
Angola,0,0,0,0,0,0,0,0,0,0,0,0,0,0,0,0,0,0,0,0,0,0,0,0,0,0,0,0,0,0,0,0,0,0,0,0,0,0,0,0,0,0,0,0,0,0,0,0,0,0,0,0,0,0,0,0,0,0,1,1,0,1,0,0,1,0,1,2,0,-1,1,0,0,1,4,2,1,2,0,0,-2,0,0,-1,0,0,0,4,0,0,0,1,0,0,0,1,1,0,-1,0,-1,5,0,0,1,0,0,7,-2,2,0,0,-1,3,-3,0,0,2,2,0,6,2,0,8,1,0,1,3,7,3,2,0
Antigua and Barbuda,0,0,0,0,0,0,0,0,0,0,0,0,0,0,0,0,0,0,0,0,0,0,0,0,0,0,0,0,0,0,0,0,0,0,0,0,0,0,0,0,0,0,0,0,0,0,0,0,0,0,0,1,0,0,0,0,0,0,0,0,0,2,0,0,4,0,0,0,0,0,0,2,6,0,0,0,4,0,0,0,2,0,2,-3,0,0,0,0,0,0,-4,-2,0,-1,0,0,0,0,0,0,-3,0,0,0,-1,0,0,0,-3,0,0,0,0,0,0,0,0,0,0,0,0,0,0,0,0,0,0,0,0,0,1,0
Argentina,0,0,0,0,0,0,0,0,0,0,0,0,0,0,0,0,0,0,0,0,0,0,0,0,0,0,0,0,0,0,0,0,0,0,0,0,0,0,0,0,0,1,0,0,1,6,4,0,5,2,0,12,2,11,11,10,11,18,31,30,108,35,37,0,104,78,101,55,-81,222,-8,71,122,173,-1,58,61,67,73,170,-65,139,19,25,129,93,63,70,57,74,-13,81,244,115,119,35,78,102,128,79,68,121,68,16,103,136,86,182,96,229,164,260,-88,136,233,289,228,247,191,413,549,688,236,521,285,432,523,501,546,795,89,379
Armenia,0,0,0,0,0,0,0,0,0,0,0,0,0,0,0,0,0,0,0,0,0,0,0,0,0,0,0,0,0,0,0,0,0,0,0,0,0,0,0,1,0,0,0,0,0,0,0,0,0,0,3,4,10,8,26,25,6,31,21,24,33,41,2,14,23,29,76,17,58,50,38,90,63,34,38,6,-5,1,16,5,6,22,12,-26,12,-13,-2,-74,21,13,33,48,24,4,6,39,47,41,31,105,34,92,88,85,72,139,52,112,97,80,45,75,110,70,90,114,55,257,73,-25,173,29,312,231,371,214,337,410,450,231,286,194
Australia,0,0,0,0,4,1,0,1,1,0,3,0,0,1,0,1,1,0,0,0,0,0,-6,0,0,0,-2,0,0,0,-1,0,0,0,0,0,0,0,10,2,3,9,13,-7,5,3,13,15,16,21,0,70,50,47,80,75,116,110,110,280,416,133,335,316,393,311,447,344,364,97,239,156,85,168,81,-213,98,115,-294,-214,75,12,36,-316,25,-147,-1393,-270,42,-154,-382,-230,-105,-74,-223,-145,-40,-54,-42,-13,-21,-18,-12,-13,-60,-37,-28,-39,2,-17,-24,-47,-18,-7,-9,4,-18,-7,-14,-30,6,-3,-8,-23,-9,5,-8,18,-10,-1,6,11
Austria,0,0,0,0,0,0,0,0,0,0,0,0,0,0,0,0,0,0,0,0,0,0,0,0,0,0,0,0,0,0,0,0,0,0,2,0,1,0,6,5,4,3,8,12,14,24,25,25,49,64,56,200,151,205,158,319,306,367,375,426,768,892,809,305,1218,635,614,263,673,103,190,105,122,-228,-221,-219,-241,-163,-426,-513,-289,-244,-260,-105,-355,-748,-599,-434,-209,-84,-262,-305,-289,-109,-154,-102,-31,-135,-154,-78,-124,-43,-9,-64,-117,-143,9,-116,-33,-25,-59,-8,-120,-40,-15,39,2,-24,-12,-172,-18,-22,18,-9,-39,-26,-12,-21,-34,-143,-27,-1
Azerbaijan,0,0,0,0,0,0,0,0,0,0,0,0,0,0,0,0,0,0,0,0,0,0,0,0,0,0,0,0,0,0,0,0,0,0,0,0,0,0,0,3,0,0,0,3,0,3,0,0,2,-3,0,4,0,5,5,0,0,16,0,4,13,7,15,6,24,43,17,27,53,25,61,41,37,78,63,45,76,86,66,7,26,-10,11,-13,3,-26,-11,-29,-97,-41,-30,-4,-11,-21,-42,-31,10,-20,3,-20,10,-6,8,13,48,39,62,50,99,67,40,104,-44,77,48,100,65,73,-12,58,31,47,20,39,15,54,87,66,127,55,147,88
Bahamas,0,0,0,0,0,0,0,0,0,0,0,0,0,0,0,0,0,0,0,0,0,0,0,0,0,0,0,0,0,0,0,0,0,0,0,0,0,0,0,0,0,0,0,0,0,0,0,0,0,0,0,0,0,0,1,0,0,2,0,1,0,0,0,0,4,1,0,1,3,0,7,3,0,5,0,-3,3,7,1,1,4,0,0,2,0,4,1,-3,0,4,4,0,5,0,5,-5,0,-1,0,-1,1,2,0,-1,5,3,0,-5,-6,0,-1,0,-1,2,0,-1,0,-1,0,1,-1,0,2,0,-1,0,0,0,0,0,0,-1
Bahrain,0,0,0,0,0,0,0,0,0,0,0,0,0,0,0,0,0,0,0,0,0,0,0,0,0,0,0,0,0,0,0,0,0,1,22,10,0,3,5,6,2,0,3,3,1,25,0,0,7,72,0,-9,15,-12,-17,10,21,10,7,-5,5,43,-13,27,12,-15,-28,16,9,36,-40,30,28,-25,4,29,55,-7,22,18,99,93,192,113,125,-11,18,3,104,16,51,-188,134,270,23,30,47,-4,-35,74,75,101,-51,124,169,116,125,217,303,152,213,255,272,234,98,42,61,207,327,-260,-19,17,19,214,-133,10,112,93,116,218,-242,76
Bangladesh,0,0,0,0,0,0,0,0,0,0,0,0,0,0,0,0,0,0,0,0,0,0,0,0,0,0,0,0,0,0,0,0,0,0,0,0,0,0,0,0,0,0,0,0,0,0,3,0,0,0,0,0,0,2,1,1,4,3,3,5,2,6,4,-2,1,4,-4,0,-3,-4,3,2,4,5,15,35,41,54,112,94,55,136,179,209,212,341,257,298,303,482,432,385,398,499,308,409,488,541,630,554,557,549,-221,542,592,790,199,518,323,651,782,724,948,1041,681,695,1017,1390,843,1403,1378,1106,1577,1117,1542,921,1195,1529,1933,1404,2139,1565
Barbados,0,0,0,0,0,0,0,0,0,0,0,0,0,0,0,0,0,0,0,0,0,0,0,0,0,0,0,0,0,0,0,0,0,0,0,0,0,0,0,0,0,0,0,0,0,0,0,0,0,0,0,0,0,0,0,2,0,3,0,1,8,3,1,0,0,6,2,7,0,1,0,12,5,1,-2,4,3,-2,0,1,1,3,-1,0,-1,2,0,-2,0,-2,-6,0,-4,0,2,-8,1,0,0,1,0,-5,1,-2,-1,0,-6,1,-3,0,0,1,-8,0,0,-1,1,0,2,-2,0,0,2,0,-1,0,-5,0,0,0,0,0
Belarus,0,0,0,0,0,0,0,0,0,0,0,0,0,0,0,0,0,0,0,0,0,0,0,0,0,0,0,0,0,0,0,0,0,0,0,0,0,1,0,0,0,0,5,0,0,0,0,-1,1,0,3,15,0,0,9,0,13,0,18,-3,0,5,-7,-2,0,5,0,0,58,-15,5,141,47,89,123,137,160,182,358,465,242,321,341,362,447,476,436,0,-152,1465,396,366,572,569,364,751,781,666,894,532,358,712,798,721,349,288,234,516,385,565,808,524,215,490,319,260,535,724,446,123,303,156,246,327,652,278,60,165,176,320,348,585
Belgium,0,0,0,0,0,0,0,0,0,0,0,0,0,1,0,0,0,0,0,0,0,0,0,0,0,0,-1,0,0,0,0,0,0,0,0,0,0,0,0,1,6,5,10,27,59,60,31,39,28,47,0,245,130,197,172,185,213,309,492,296,586,342,328,582,1170,866,1645,1406,895,707,753,1021,1045,1286,756,888,1209,685,1097,1280,933,1152,698,369,2215,781,930,658,904,1349,866,502,541,1174,737,441,460,582,185,367,197,166,291,292,179,-18,390,370,375,254,313,295,-3,133,166,186,121,252,202,32,111,141,267,165,225,90,-8,150,102,38,77,104
Belize,0,0,0,0,0,0,0,0,0,0,0,0,0,0,0,0,0,0,0,0,0,0,0,0,0,0,0,0,0,0,0,0,0,0,0,0,0,0,0,0,0,0,0,0,0,0,0,0,0,0,0,0,0,0,0,0,0,0,0,0,0,1,0,1,0,0,0,0,1,0,0,0,1,0,1,2,0,1,1,1,3,1,4,0,0,0,0,0,-2,0,0,0,-3,0,0,0,-1,-3,0,0,-4,0,0,-1,-2,0,0,0,0,0,0,0,0,0,0,0,0,0,0,0,0,0,0,0,0,0,0,0,0,0,0,0
Benin,0,0,0,0,0,0,0,0,0,0,0,0,0,0,0,0,0,0,0,0,0,0,0,0,0,0,0,0,0,0,0,0,0,0,0,0,0,0,0,0,0,0,0,0,0,0,0,0,0,0,0,0,0,0,1,0,1,0,0,0,0,3,1,0,0,0,0,0,0,2,4,0,2,0,3,4,0,0,0,9,0,0,0,-13,0,0,0,0,0,10,0,0,0,0,0,4,0,0,0,0,17,0,0,-2,0,0,41,93,42,35,0,-6,-7,12,0,0,0,0,-209,26,1,0,0,35,-2,-17,-14,0,12,0,1,7
Bhutan,0,0,0,0,0,0,0,0,0,0,0,0,0,0,0,0,0,0,0,0,0,0,0,0,0,0,0,0,0,0,0,0,0,0,0,0,0,0,0,0,0,0,0,0,1,0,0,0,0,0,0,0,0,0,0,0,0,0,1,0,0,0,0,0,0,1,0,1,0,0,0,0,-1,0,0,0,0,0,0,0,0,0,0,0,0,0,0,0,0,0,1,0,0,0,0,-1,0,-1,0,0,0,0,0,0,0,0,0,0,0,0,2,2,4,5,1,0,0,0,0,0,-1,0,3,0,3,0,1,3,0,2,10,0
Bolivia,0,0,0,0,0,0,0,0,0,0,0,0,0,0,0,0,0,0,0,0,0,0,0,0,0,0,0,0,0,0,0,0,0,0,0,0,0,0,0,0,0,0,0,0,0,0,0,0,0,2,0,1,7,0,1,0,1,0,3,4,5,3,2,3,11,18,13,7,16,10,7,8,9,7,17,26,11,16,54,4,7,25,30,20,42,37,12,23,27,44,28,4,94,94,59,58,46,27,50,42,60,216,117,79,108,73,174,167,150,104,249,119,158,207,127,210,242,165,188,418,260,378,302,328,379,446,620,570,333,721,311,380
Bosnia and Herzegovina,0,0,0,0,0,0,0,0,0,0,0,0,0,0,0,0,0,0,0,0,0,0,0,0,0,0,0,0,0,0,0,0,0,0,0,0,0,0,0,0,0,0,0,2,0,1,0,0,2,2,4,2,5,6,1,-1,12,25,26,4,33,10,30,10,15,43,21,62,36,52,37,73,39,42,30,3,69,29,32,15,35,9,15,16,10,33,4,36,8,-10,-23,3,20,-45,11,-2,14,-3,64,63,-4,34,-28,39,-36,24,14,37,-79,-20,16,-37,-37,-7,-46,12,-58,-14,-41,-18,-27,4,-29,-8,-11,-15,-4,-10,1,-19,-15,-12
Botswana,0,0,0,0,0,0,0,0,0,0,0,0,0,0,0,0,0,0,0,0,0,0,0,0,0,0,0,0,0,0,0,0,0,0,0,0,0,0,0,0,0,0,0,0,0,0,0,0,0,0,0,0,0,0,0,0,0,0,0,0,0,0,0,0,0,0,0,0,3,1,0,0,0,0,2,0,0,0,7,0,0,0,0,0,0,2,0,0,5,0,0,2,0,0,0,0,0,1,-5,0,-3,0,0,0,0,0,-1,0,-3,0,1,-5,0,0,0,0,1,0,0,0,2,1,0,5,0,-1,0,0,0,0,0,3
Brazil,0,0,0,0,0,0,0,0,0,0,0,0,0,0,0,0,0,0,0,0,0,0,0,0,0,0,0,0,0,0,0,0,0,0,0,1,0,0,1,0,0,0,2,0,9,0,7,5,6,7,14,99,0,11,37,120,51,249,172,228,525,378,323,307,427,432,487,352,209,1131,1119,1208,1012,1304,770,1031,1873,2136,1876,1546,1089,1465,1238,-1041,-7922,2105,3257,2976,-6108,2089,1475,351,3024,2925,3776,2784,3356,4387,4862,5699,2911,2000,2672,3970,4429,8007,5182,7174,6779,3366,4468,3407,6096,11973,11635,8518,3119,7951,10182,9805,9231,11333,9351,8489,7765,11564,12545,15460,15056,21858,10746,7073
Brunei,0,0,0,0,0,0,0,0,0,0,0,0,0,0,0,0,0,0,0,0,0,0,0,0,0,0,0,0,0,0,0,0,0,0,0,0,0,0,0,0,0,0,0,0,0,0,0,1,0,10,0,26,3,10,4,2,12,7,2,4,5,3,13,5,2,-5,-9,-3,-3,-5,-5,-2,-8,0,-7,-9,-3,-6,-1,-6,-5,-2,-1,0,-1,0,-4,0,-1,-1,0,-1,-2,-1,-1,-2,-1,0,0,0,0,-2,-2,-2,-1,1,2,-1,0,-2,0,0,0,0,-1,-1,0,0,0,0,0,0,0,-1,0,0,0,-1,0,0,0,0
Bulgaria,0,0,0,0,0,0,0,0,0,0,0,0,0,0,0,0,0,0,0,0,0,0,0,0,0,0,0,0,0,0,0,0,0,0,0,0,0,0,0,0,0,0,0,0,0,0,4,0,0,3,0,16,18,10,1,15,25,2,33,33,24,14,17,23,18,28,36,12,10,40,20,30,23,14,25,16,25,16,19,11,18,8,7,18,10,36,27,20,8,29,43,45,57,130,13,45,62,20,27,36,39,28,3,21,31,56,27,26,28,22,8,18,23,-1,24,9,11,10,-10,-5,-4,-1,-3,-13,-16,-8,-15,-36,-43,-34,4,-10
Burkina Faso,0,0,0,0,0,0,0,0,0,0,0,0,0,0,0,0,0,0,0,0,0,0,0,0,0,0,0,0,0,0,0,0,0,0,0,0,0,0,0,0,0,0,0,0,0,0,0,0,1,1,0,0,0,1,12,0,5,13,7,19,11,24,13,29,6,26,18,13,16,14,7,2,14,0,3,1,1,23,17,0,32,7,0,15,-35,-27,-26,-19,-6,-14,14,-18,-14,-2,-17,-8,-13,-4,-19,-4,-7,-15,5,5,13,34,0,4,1,-5,2,2,3,0,4,-7,-26,-8,0,4,-5,-1,0,0,18,0,13,-45,-1,0,0,0
Burma,0,0,0,0,0,0,0,0,0,0,0,0,0,0,0,0,0,0,0,0,0,0,0,0,0,0,0,0,0,0,0,0,0,0,0,0,0,0,0,0,0,0,0,0,0,0,0,0,0,0,0,0,0,0,0,0,0,0,0,0,0,0,0,0,0,8,0,2,4,1,0,5,0,1,0,1,0,0,-1,4,11,3,21,1,11,11,0,10,11,8,2,2,14,5,1,0,-6,4,-11,1,-4,-6,-2,0,0,-1,3,-4,0,-2,-2,-2,-2,-5,-4,-7,1,3,-1,2,0,-8,-2,-2,1,2,-2,0,-3,17,-8,4
Burundi,0,0,0,0,0,0,0,0,0,0,0,0,0,0,0,0,0,0,0,0,0,0,0,0,0,0,0,0,0,0,0,0,0,0,0,0,0,0,0,0,0,0,0,0,0,0,0,0,0,0,0,0,0,0,0,0,0,0,0,0,0,0,0,0,0,0,0,0,0,2,0,1,0,0,0,0,0,0,0,0,2,0,0,0,0,0,0,0,0,-4,0,6,0,0,0,0,0,0,0,0,0,1,0,0,0,0,0,0,0,0,0,0,0,0,0,0,0,14,0,0,0,0,0,0,0,0,0,0,0,8,0,0
Cabo Verde,0,0,0,0,0,0,0,0,0,0,0,0,0,0,0,0,0,0,0,0,0,0,0,0,0,0,0,0,0,0,0,0,0,0,0,0,0,0,0,0,0,0,0,0,0,0,0,0,0,0,0,0,0,0,0,0,0,0,1,2,0,0,0,1,0,1,0,1,0,0,0,0,0,1,0,-1,0,0,0,0,1,0,2,1,45,0,0,2,3,6,1,5,9,6,2,16,3,4,0,5,-13,30,-2,6,11,4,27,6,-6,10,12,7,19,20,11,-15,0,-1,7,14,-3,6,-38,-4,10,0,0,0,15,4,-12,23
Cambodia,0,0,0,0,0,1,0,0,0,0,0,0,0,0,0,0,0,0,0,0,0,-1,0,0,0,0,0,0,0,0,0,0,0,0,0,0,0,0,0,0,0,0,0,0,0,0,1,0,0,1,0,2,2,0,0,26,2,2,14,2,31,3,1,-1,0,2,-2,-4,4,0,-2,-8,3,-15,0,-3,-4,-3,3,-10,-2,0,0,-14,-5,-2,0,-5,-2,-2,-3,0,0,-7,0,0,-2,0,0,0,-1,0,0,0,0,0,0,0,0,0,-1,0,0,0,-1,0,0,0,0,0,1,0,1,0,0,0,0,0,0,0,0,0
Cameroon,0,0,0,0,0,0,0,0,0,0,0,0,0,0,0,0,0,0,0,0,0,0,0,0,0,0,0,0,0,0,0,0,0,0,0,0,0,0,0,0,0,0,0,0,1,0,1,0,0,0,0,0,0,0,2,6,0,3,7,7,13,16,10,7,0,16,0,45,0,54,35,73,196,46,95,8,-26,55,0,52,0,0,0,-4,-35,149,0,8,-128,146,-24,-68,-100,96,59,14,65,-110,108,0,0,226,0,27,0,114,0,0,-223,72,51,0,92,144,137,0,0,424,0,176,342,98,0,447,0,415,0,0,-1330,226,0,432
Canada,0,0,0,0,1,0,1,0,0,2,0,0,0,0,1,0,2,0,0,0,0,-1,0,0,0,0,1,0,0,0,-1,0,0,1,1,0,-1,1,6,4,3,3,3,4,12,3,10,13,2,29,9,76,5,54,162,63,179,143,143,333,192,619,602,388,790,568,684,704,1118,3,1301,1313,713,139,2343,563,774,906,505,712,523,449,746,903,418,1868,1158,1123,394,1329,1099,995,1329,1232,588,792,198,571,619,495,546,533,1471,344,282,301,431,494,221,326,275,107,27,286,374,323,395,391,264,358,229,328,494,275,360,270,3,274,-11,160,102,-69
Central African Republic,0,0,0,0,0,0,0,0,0,0,0,0,0,0,0,0,0,0,0,0,0,0,0,0,0,0,0,0,0,0,0,0,0,0,0,0,0,0,0,0,0,0,0,0,0,0,0,0,0,0,0,0,0,1,0,0,0,0,2,0,0,0,0,0,0,0,0,0,0,0,0,0,5,0,0,0,0,0,0,0,0,0,0,-1,1,0,0,0,0,0,-4,0,2,0,0,3,0,31,0,0,22,0,0,13,0,9,0,49,0,0,0,0,0,0,155,26,0,0,34,52,18,43,73,48,48,19,30,53,119,88,49,58
Chad,0,0,0,0,0,0,0,0,0,0,0,0,0,0,0,0,0,0,0,0,0,0,0,0,0,0,0,0,0,0,0,0,0,0,0,0,0,0,0,0,0,0,0,0,0,0,0,0,0,0,0,0,0,0,0,0,0,1,0,0,0,0,2,0,0,0,0,0,2,2,0,1,0,1,0,0,-1,0,1,0,0,7,5,0,0,1,0,3,0,0,0,0,0,7,-1,0,0,2,0,7,0,38,0,0,49,0,76,7,59,0,0,12,13,22,24,23,23,16,4,-18,14,13,29,16,-17,-46,-41,-43,2,-26,-2,-36
Chile,0,0,0,0,0,0,0,0,0,0,0,0,0,0,0,0,0,0,0,0,0,0,0,0,0,0,0,0,0,0,0,0,0,0,0,0,0,0,0,0,0,1,0,3,0,0,4,0,5,10,0,20,18,13,81,46,37,0,190,103,93,114,167,215,164,283,281,216,229,289,215,272,241,323,220,234,131,213,267,232,133,91,4,113,65,172,123,64,55,81,32,47,98,-29,133,195,179,169,173,615,547,873,759,606,1078,553,1058,895,740,1202,704,1138,1920,1869,1543,486,1154,1326,2178,3041,2476,2926,2332,2107,3741,2351,1703,2079,1212,2387,2534,3251
China,520,93,271,483,659,793,2589,559,2039,1582,2028,4551,2935,3762,3461,2785,3001,2107,2392,1826,1314,-73,14001,4703,734,643,214,33,-1348,-1594,-217,-2544,-467,-1609,-2148,-1996,-2412,-3071,-2563,-2266,-2488,-2471,-2426,-2140,-1499,-1515,-1796,-1379,-1350,-1429,-1246,-1282,-1432,-1331,-863,-863,-913,-726,-637,-536,-375,-389,-373,-423,-287,-424,-278,-359,-265,-202,-117,-89,-116,-154,-202,-40,-47,-66,-38,-54,-13,41,-4,-68,-61,-43,1206,-35,-58,-43,-18,-47,-106,-111,-56,-99,-91,-26,-48,-37,-47,-13,-93,-106,-76,-57,-43,-15,-120,-20,-30,-17,-18,-10,-11,-6,-3,5,0,0,0,-4,0,3,-2,-5,-6,-4,6,1,15,-1
Colombia,0,0,0,0,0,0,0,0,0,0,0,0,0,0,0,0,0,0,0,0,0,0,0,0,0,0,0,0,0,0,0,0,0,0,0,0,0,0,0,0,0,0,0,0,1,0,0,0,2,6,0,4,9,12,20,10,28,9,26,68,33,46,98,90,21,46,69,94,91,92,151,80,106,109,76,94,189,251,118,227,219,11,27,92,28,30,122,0,276,92,172,141,148,244,197,171,141,294,115,272,387,164,327,220,434,211,345,471,299,432,430,513,496,455,504,596,471,569,493,546,468,657,903,700,557,776,501,16,710,1080,388,813
Comoros,0,0,0,0,0,0,0,0,0,0,0,0,0,0,0,0,0,0,0,0,0,0,0,0,0,0,0,0,0,0,0,0,0,0,0,0,0,0,0,0,0,0,0,0,0,0,0,0,0,0,0,0,0,0,0,0,0,0,0,0,0,0,0,0,0,0,0,0,0,0,0,0,0,0,0,0,0,0,0,0,0,0,0,0,0,0,0,0,0,0,0,0,0,0,0,0,0,0,0,1,0,2,0,0,0,5,0,0,3,0,0,0,0,-3,0,0,0,0,0,18,0,34,0,6,0,0,-3,0,0,17,0,0
Congo (Brazzaville),0,0,0,0,0,0,0,0,0,0,0,0,0,0,0,0,0,0,0,0,0,0,0,0,0,0,0,0,0,0,0,0,0,0,0,0,0,0,0,0,0,0,0,0,0,0,0,0,0,0,0,0,0,1,0,0,0,2,0,0,0,1,0,0,0,0,0,15,0,0,0,1,0,0,23,0,0,0,12,0,0,0,0,0,51,0,26,0,0,12,5,21,0,11,0,0,0,7,0,13,3,0,0,6,0,24,0,7,0,0,39,0,0,24,0,0,0,-2,-14,0,44,0,8,0,0,0,70,0,0,0,22,0
Congo (Kinshasa),0,0,0,0,0,0,0,0,0,0,0,0,0,0,0,0,0,0,0,0,0,0,0,0,0,0,0,0,0,0,0,0,0,0,0,0,0,0,0,0,0,0,0,0,0,0,0,0,0,1,0,1,0,0,0,1,1,10,4,5,7,6,9,3,3,-2,14,0,16,17,10,25,0,20,0,5,15,0,0,31,5,11,0,3,12,11,18,19,20,4,10,-1,16,16,21,25,17,6,17,67,30,70,0,3,13,90,55,47,0,48,28,73,65,64,1,99,0,81,73,90,103,101,80,111,136,103,118,98,154,105,84,119
Costa Rica,0,0,0,0,0,0,0,0,0,0,0,0,0,0,0,0,0,0,0,0,0,0,0,0,0,0,0,0,0,0,0,0,0,0,0,0,0,0,0,0,0,0,0,0,1,0,4,4,0,4,9,1,3,1,8,6,9,19,20,26,17,24,19,24,30,31,32,19,15,17,28,19,15,17,16,11,10,14,36,7,12,11,11,2,7,9,-7,-3,-10,-10,-19,-18,-11,-19,-20,-20,-21,-11,-9,-9,-11,-9,-8,-10,-1,-9,-13,-8,-12,-9,-7,0,4,7,6,1,-4,-7,14,10,-4,0,0,-1,13,-1,23,9,15,20,-2,21
Cote d'Ivoire,0,0,0,0,0,0,0,0,0,0,0,0,0,0,0,0,0,0,0,0,0,0,0,0,0,0,0,0,0,0,0,0,0,0,0,0,0,0,0,0,0,0,0,0,0,0,0,0,0,1,0,0,0,0,0,3,1,3,0,5,0,11,47,6,16,5,0,63,1,10,9,-2,20,21,4,58,26,28,56,0,83,14,48,-13,0,-16,-13,67,25,0,26,29,3,13,0,24,-17,-7,23,20,35,4,5,-6,24,32,34,19,50,8,6,125,-27,31,34,-1,31,-26,24,45,53,-6,-17,-21,9,25,63,61,65,34,-16,86
Croatia,0,0,0,0,0,0,0,0,0,0,0,0,0,0,0,0,0,0,0,0,0,0,0,0,0,0,0,0,0,0,0,0,0,0,1,2,0,2,1,1,0,2,1,0,1,1,0,0,2,5,0,12,6,11,7,6,16,23,23,78,48,61,67,43,53,76,63,49,62,77,90,33,64,20,50,35,23,49,24,76,-53,16,23,39,-21,-6,-48,3,-55,-52,-3,-26,17,-71,-45,-55,-54,-58,-41,-46,-64,-39,-18,-28,-27,-34,-34,-12,-22,-27,-11,-13,-20,-8,-18,-42,-21,-8,-17,-9,3,-27,-12,-3,-8,-11,-1,-3,-8,-3,-9,-5
Cuba,0,0,0,0,0,0,0,0,0,0,0,0,0,0,0,0,0,0,0,0,0,0,0,0,0,0,0,0,0,0,0,0,0,0,0,0,0,0,0,0,0,0,0,0,0,0,0,0,0,0,3,1,0,0,0,1,2,4,5,5,14,5,7,9,10,10,39,20,31,12,22,20,34,19,32,27,37,61,57,26,30,34,28,29,29,28,40,28,21,22,26,20,22,-1,31,-32,-4,-2,-12,-30,3,23,-24,-30,-61,-29,-4,-35,-49,-41,-19,-27,-43,-37,-32,-13,-25,-1,-27,-22,-22,-20,-25,-8,-9,11,-4,-1,-4,-15,6,21
Cyprus,0,0,0,0,0,0,0,0,0,0,0,0,0,0,0,0,0,0,0,0,0,0,0,0,0,0,0,0,0,0,0,0,0,0,0,0,0,0,0,0,0,0,0,0,0,0,0,2,1,3,0,8,12,0,7,13,3,18,0,17,8,21,8,8,13,5,17,35,9,31,53,36,40,25,16,11,27,27,37,26,18,13,29,33,20,8,15,9,4,5,-5,6,5,9,-44,7,5,15,6,-141,7,7,8,2,4,5,-98,2,0,6,3,-46,2,-30,3,-30,2,1,1,3,-44,4,-33,8,2,2,0,-188,1,-4,0,5
Czechia,0,0,0,0,0,0,0,0,0,0,0,0,0,0,0,0,0,0,0,0,0,0,0,0,0,0,0,0,0,0,0,0,0,0,0,0,0,0,0,3,0,2,3,4,6,1,12,0,10,50,3,47,48,64,42,98,68,230,138,160,125,116,154,260,271,353,352,186,170,287,184,344,228,375,97,210,144,234,189,118,34,107,13,-71,-72,64,-86,4,69,-107,-61,-137,-108,-133,-3,-40,-240,-63,-85,-103,-3,-71,-100,-182,-122,-121,-109,4,-16,1,-184,-133,-110,-112,-85,8,-20,-68,-24,-30,-63,-40,58,31,-57,-40,-64,-36,16,-12,26,-50
Denmark,0,0,0,0,0,0,0,0,0,0,0,0,0,0,0,0,0,0,0,0,0,0,0,0,0,0,0,0,0,0,0,0,0,0,0,0,1,0,2,1,0,2,5,0,12,0,13,55,172,180,173,187,32,39,58,92,91,109,112,83,94,58,111,139,152,170,166,182,191,280,-643,82,258,231,242,254,259,189,113,138,-5,-2,32,-93,-66,-80,-174,-291,-154,-40,-210,-170,-134,-5,92,-6,-31,-12,-88,-33,-30,-64,17,46,-57,-80,-73,-83,-65,-14,-27,-174,-7,-96,-76,-81,-51,-33,-39,-47,-42,-73,-13,8,-37,-39,-9,-42,21,-47,1,-20
Diamond Princess,0,0,0,0,0,0,0,0,0,0,0,0,0,0,0,0,61,0,3,71,0,40,0,43,67,70,99,88,78,13,0,0,58,0,0,4,0,0,0,0,0,1,0,0,-30,0,0,0,0,-285,0,0,0,0,0,0,6,0,0,0,0,0,0,-262,-10,0,0,-6,0,0,0,-16,0,0,0,0,0,0,0,0,0,0,0,-20,0,-5,0,0,0,0,0,0,-1,0,0,0,0,0,0,0,0,0,0,0,0,0,0,0,0,-6,0,0,0,0,0,0,0,0,0,0,0,0,0,0,0,0,0,0,0,0,0,0
Djibouti,0,0,0,0,0,0,0,0,0,0,0,0,0,0,0,0,0,0,0,0,0,0,0,0,0,0,0,0,0,0,0,0,0,0,0,0,0,0,0,0,0,0,0,0,0,0,0,0,0,0,0,0,0,0,0,0,1,0,0,0,0,2,0,8,0,1,2,4,0,12,3,7,1,1,8,31,0,29,0,4,37,27,79,53,54,154,138,0,88,0,89,-42,-57,-65,-34,-23,-54,16,-96,-31,-22,1,0,-23,-28,-6,-35,-23,44,8,-8,15,-2,11,-5,7,48,71,85,191,216,214,0,0,183,0,123,161,0,235,-58,198
Dominica,0,0,0,0,0,0,0,0,0,0,0,0,0,0,0,0,0,0,0,0,0,0,0,0,0,0,0,0,0,0,0,0,0,0,0,0,0,0,0,0,0,0,0,0,0,0,0,0,0,0,0,0,0,0,0,0,0,0,0,0,1,1,0,5,4,0,0,0,0,1,0,0,0,2,0,0,0,0,0,-3,0,-3,0,0,0,0,0,0,0,0,0,-1,0,-1,-3,0,0,0,0,0,0,0,0,0,-1,0,0,0,0,-1,0,0,0,0,0,0,-1,0,0,0,0,0,0,0,0,0,0,0,0,0,0,0
Dominican Republic,0,0,0,0,0,0,0,0,0,0,0,0,0,0,0,0,0,0,0,0,0,0,0,0,0,0,0,0,0,0,0,0,0,0,0,0,0,0,0,1,0,0,0,0,1,0,3,0,0,0,0,0,6,0,0,10,0,13,38,40,90,43,64,80,96,93,138,140,41,207,171,89,108,0,256,67,125,141,208,253,129,185,179,109,282,134,318,165,294,231,33,138,243,24,118,121,75,-49,173,247,230,196,251,116,111,272,184,59,208,286,180,-85,296,-6,213,202,-1917,-355,498,-275,-44,126,151,100,120,-58,203,183,149,86,-625,-47
Ecuador,0,0,0,0,0,0,0,0,0,0,0,0,0,0,0,0,0,0,0,0,0,0,0,0,0,0,0,0,0,0,0,0,0,0,0,0,0,0,0,6,0,1,3,3,0,0,1,1,0,2,0,0,11,0,9,21,53,88,168,136,283,192,101,91,230,192,228,101,38,227,504,408,205,62,181,101,0,663,316,2167,53,119,-33,-25,171,309,225,402,393,571,213,397,267,11498,0,0,330,1018,417,258,1047,909,906,2210,0,0,-1583,-1480,253,488,-50,910,67,16,965,1296,419,400,545,603,452,522,430,495,-13844,0,326,368,-665,0,125,0
Egypt,0,0,0,0,0,0,0,0,0,0,0,0,0,0,0,0,0,0,0,0,0,0,0,1,0,0,0,0,0,0,0,0,0,0,0,0,0,-1,0,1,0,0,0,1,12,0,34,6,4,-25,7,13,29,7,34,41,0,60,22,7,18,39,12,39,32,27,35,22,29,47,47,64,105,60,97,137,111,81,96,59,103,-37,125,160,155,161,121,133,81,100,108,104,163,130,188,153,188,192,195,223,279,236,232,278,290,302,321,437,431,363,249,193,178,258,226,340,288,267,418,493,551,626,473,573,609,662,732,973,1137,1185,1192,989
El Salvador,0,0,0,0,0,0,0,0,0,0,0,0,0,0,0,0,0,0,0,0,0,0,0,0,0,0,0,0,0,0,0,0,0,0,0,0,0,0,0,0,0,0,0,0,0,0,0,0,0,0,0,0,0,0,0,0,0,1,0,2,0,0,2,4,4,0,6,5,6,2,0,9,5,8,6,4,9,11,5,13,-3,5,11,9,5,2,8,8,10,15,5,-3,9,16,0,16,19,14,23,5,24,5,31,39,7,32,29,42,23,88,37,16,14,44,86,31,50,65,57,38,62,59,94,33,-71,44,-37,-26,71,101,113,42
Equatorial Guinea,0,0,0,0,0,0,0,0,0,0,0,0,0,0,0,0,0,0,0,0,0,0,0,0,0,0,0,0,0,0,0,0,0,0,0,0,0,0,0,0,0,0,0,0,0,0,0,0,0,0,0,0,0,1,0,0,3,2,0,0,0,3,0,0,3,0,0,0,0,-1,3,0,1,0,0,-2,0,2,0,0,0,3,-1,20,10,0,28,0,0,-3,4,1,0,130,44,-1,-1,57,0,0,0,0,0,-4,0,124,0,0,0,0,0,0,83,61,2,0,0,125,106,65,13,-86,0,0,83,0,0,0,228,0,0,0
Eritrea,0,0,0,0,0,0,0,0,0,0,0,0,0,0,0,0,0,0,0,0,0,0,0,0,0,0,0,0,0,0,0,0,0,0,0,0,0,0,0,0,0,0,0,0,0,0,0,0,0,0,0,0,0,0,0,0,0,0,0,1,0,0,0,3,2,0,0,6,0,3,0,7,0,7,0,2,0,2,0,1,0,0,0,0,1,0,0,1,0,0,-3,0,0,-5,-2,0,0,-6,0,-7,0,0,0,0,-4,0,0,-7,0,0,-1,0,0,0,-1,0,0,0,0,0,0,0,0,0,0,0,0,0,0,0,0,0
Estonia,0,0,0,0,0,0,0,0,0,0,0,0,0,0,0,0,0,0,0,0,0,0,0,0,0,0,0,0,0,0,0,0,0,0,0,0,1,0,0,0,0,1,0,1,7,0,0,0,2,4,0,63,36,55,34,20,33,9,16,23,19,26,12,34,134,34,61,34,36,24,27,67,100,67,55,11,34,33,11,41,46,0,19,28,25,18,13,36,14,6,13,-8,25,-1,8,3,4,6,10,10,1,2,-2,3,6,-1,-2,-426,-35,3,1,-21,5,-125,-6,-7,0,10,7,-15,-526,-13,-4,-4,-5,-4,-3,-2,-28,-6,2,0
Eswatini,0,0,0,0,0,0,0,0,0,0,0,0,0,0,0,0,0,0,0,0,0,0,0,0,0,0,0,0,0,0,0,0,0,0,0,0,0,0,0,0,0,0,0,0,0,0,0,0,0,0,0,0,1,0,0,0,0,0,0,0,3,0,0,0,2,3,0,0,0,0,0,0,0,0,0,-3,0,-1,0,0,0,2,1,-1,0,1,0,6,0,2,7,0,0,3,20,3,6,6,20,7,6,2,4,4,3,4,30,6,2,-4,2,9,-17,-3,-12,6,0,-3,-6,-1,-12,-2,13,-25,4,-1,7,7,0,4,-19,3
Ethiopia,0,0,0,0,0,0,0,0,0,0,0,0,0,0,0,0,0,0,0,0,0,0,0,0,0,0,0,0,0,0,0,0,0,0,0,0,0,0,0,0,0,0,0,0,0,0,0,0,0,0,0,1,0,0,4,0,1,0,3,0,-2,0,5,0,0,4,-1,5,-1,5,3,-1,6,2,5,1,8,3,1,9,-2,2,-1,8,2,7,4,8,3,3,3,-3,0,-3,1,-11,-8,2,-4,0,-5,-3,-4,5,-11,15,29,1,14,27,5,10,0,9,11,18,11,32,9,22,9,29,38,87,66,38,16,90,131,84,108,77
Fiji,0,0,0,0,0,0,0,0,0,0,0,0,0,0,0,0,0,0,0,0,0,0,0,0,0,0,0,0,0,0,0,0,0,0,0,0,0,0,0,0,0,0,0,0,0,0,0,0,0,0,0,0,0,0,0,0,0,1,0,0,1,1,1,1,0,0,0,0,0,0,0,2,0,5,0,2,1,0,0,1,0,0,0,0,0,1,0,0,0,-2,0,-5,0,-2,0,-2,0,0,0,0,0,-2,0,0,0,0,0,0,0,0,0,0,0,0,-1,0,0,0,0,0,0,0,0,0,0,0,0,0,0,0,0,0
Finland,0,0,0,0,0,0,0,1,0,0,0,0,0,0,0,0,0,0,0,0,0,-1,0,0,0,0,0,0,0,0,0,0,0,0,0,1,0,0,1,3,0,0,0,6,3,0,8,7,10,19,0,96,70,10,33,44,15,64,50,73,103,74,92,88,78,83,126,73,112,66,28,-218,97,267,45,249,132,179,118,164,136,69,90,97,76,-1268,120,192,102,-215,146,115,155,-389,80,101,119,-255,166,-111,56,125,78,-427,85,161,100,-435,142,82,22,-281,51,91,-617,58,61,33,19,244,50,44,31,11,-280,29,64,-349,33,50,33,26
France,0,0,2,1,0,0,1,1,0,0,1,0,0,0,0,0,0,5,0,0,0,-2,0,0,-1,0,0,0,0,0,0,0,0,0,-5,4,20,19,42,30,61,13,84,92,276,303,177,83,575,499,0,1388,815,36,2151,1032,1409,1846,1788,1705,-414,3880,1455,2321,2903,3099,4686,1101,3724,6108,3382,685,3686,2861,1135,2852,1725,1965,2348,2590,1657,26043,3150,4167,1070,10633,401,-1561,4330,1551,1003,-3664,892,244,591,267,3133,1717,-3852,-492,-730,762,185,67,-262,2300,-418,583,324,133,-55,-261,-1053,-123,-207,0,-702,-158,47,-27,-253,52,2,-55,-224,-900,-514,2719,-53,1364,170,254
Gabon,0,0,0,0,0,0,0,0,0,0,0,0,0,0,0,0,0,0,0,0,0,0,0,0,0,0,0,0,0,0,0,0,0,0,0,0,0,0,0,0,0,0,0,0,0,0,0,0,0,0,0,0,1,0,0,0,0,0,2,1,1,0,1,0,1,0,0,0,0,9,2,3,-1,0,0,3,6,4,10,0,2,3,8,0,20,0,25,0,1,11,27,2,1,3,0,0,22,17,24,0,0,41,0,24,30,0,90,116,41,0,124,51,126,70,68,86,0,55,53,18,0,124,149,0,98,72,43,75,141,29,0,0
Gambia,0,0,0,0,0,0,0,0,0,0,0,0,0,0,0,0,0,0,0,0,0,0,0,0,0,0,0,0,0,0,0,0,0,0,0,0,0,0,0,0,0,0,0,0,0,0,0,0,0,0,0,0,0,0,0,1,0,0,0,0,0,1,1,0,0,0,0,1,0,0,-2,0,0,0,0,0,0,0,0,0,5,0,0,0,0,0,0,0,1,0,0,0,0,0,-6,0,0,0,0,1,1,4,0,0,0,0,1,2,0,0,1,0,1,0,0,-2,0,0,0,0,0,1,0,0,-4,-1,-1,0,-1,0,0,0
Georgia,0,0,0,0,0,0,0,0,0,0,0,0,0,0,0,0,0,0,0,0,0,0,0,0,0,0,0,0,0,0,0,0,0,0,0,1,0,0,0,2,0,0,0,1,0,0,9,2,0,9,0,1,5,3,-1,1,4,2,3,6,3,7,3,4,3,1,7,-3,10,6,5,14,19,-1,12,11,1,11,6,13,2,8,14,27,4,37,19,11,-1,6,4,-2,5,-2,5,20,4,2,-4,16,4,16,-9,4,-6,-23,-1,-5,-6,-3,-5,-28,-18,9,-6,-14,6,-1,-18,-13,-2,-8,-9,-11,-3,-10,-17,-13,5,-13,21,-8
Germany,0,0,0,0,0,1,3,0,0,1,3,2,2,0,0,0,1,0,1,0,2,0,-1,0,0,0,0,-11,0,0,-2,0,0,0,1,9,18,2,31,51,29,37,66,220,187,128,241,136,281,444,170,1576,910,1210,1456,1985,3032,2985,4461,2312,2627,4183,953,4033,4489,5948,5001,3670,501,2323,3464,3182,4230,3108,1731,3251,-3092,-4586,-1222,2484,-750,46,-1782,-2613,-1006,-1455,-2415,-341,-758,-1619,-2474,-1843,-1419,-4630,1514,-943,-1512,-1746,-1373,-1630,-2332,-1210,-903,-1612,-1545,-3645,-532,1158,-864,-545,-520,-988,-573,-1220,-542,-484,-794,-848,587,-590,-573,-288,-376,-223,-646,-168,-529,132,-159,-396,-223,-96
Ghana,0,0,0,0,0,0,0,0,0,0,0,0,0,0,0,0,0,0,0,0,0,0,0,0,0,0,0,0,0,0,0,0,0,0,0,0,0,0,0,0,0,0,0,0,0,0,0,0,0,0,0,0,3,3,0,1,0,4,5,3,4,4,26,40,38,4,4,11,0,-20,34,9,1,0,9,0,73,23,96,-1,30,158,0,57,0,-61,0,177,208,0,0,112,0,90,0,250,0,88,0,379,0,78,0,485,0,372,-9,901,196,0,321,427,261,-38,-678,-197,0,0,342,48,0,164,104,46,53,62,91,0,304,33,-105,0
Greece,0,0,0,0,0,0,0,0,0,0,0,0,0,0,0,0,0,0,0,0,0,0,0,0,0,0,0,0,0,0,0,0,0,0,0,1,2,1,0,3,0,0,2,22,14,1,27,0,16,10,0,91,30,103,0,56,31,0,66,35,94,71,38,71,71,58,95,95,56,102,101,120,52,60,62,-171,77,52,71,56,70,33,31,25,22,15,17,11,0,10,-152,7,55,27,16,11,17,32,10,-782,21,8,6,6,10,21,15,13,19,6,10,18,16,10,40,9,15,2,4,10,3,21,2,2,4,10,11,3,3,6,2,1
Grenada,0,0,0,0,0,0,0,0,0,0,0,0,0,0,0,0,0,0,0,0,0,0,0,0,0,0,0,0,0,0,0,0,0,0,0,0,0,0,0,0,0,0,0,0,0,0,0,0,0,0,0,0,0,0,0,0,0,0,0,0,1,0,0,0,6,0,0,2,0,0,0,1,2,0,0,0,0,0,0,2,0,0,0,0,0,0,-6,0,0,0,0,1,0,-1,3,0,0,-2,-2,0,0,1,0,0,0,0,0,0,0,0,0,0,0,-1,1,0,0,0,0,-3,0,0,0,0,0,0,0,0,0,0,0,0
Guatemala,0,0,0,0,0,0,0,0,0,0,0,0,0,0,0,0,0,0,0,0,0,0,0,0,0,0,0,0,0,0,0,0,0,0,0,0,0,0,0,0,0,0,0,0,0,0,0,0,0,0,0,0,1,0,1,4,0,3,3,5,2,1,1,-1,1,3,0,0,2,0,1,8,3,8,0,9,5,10,8,31,9,18,1,11,13,16,16,21,22,32,2,22,62,46,28,23,30,0,14,38,39,44,15,20,33,28,30,57,64,79,61,76,142,168,119,117,0,149,204,128,184,231,289,356,320,179,-13,131,176,74,319,189
Guinea,0,0,0,0,0,0,0,0,0,0,0,0,0,0,0,0,0,0,0,0,0,0,0,0,0,0,0,0,0,0,0,0,0,0,0,0,0,0,0,0,0,0,0,0,0,0,0,0,0,0,0,1,0,0,0,0,0,0,0,1,0,2,0,0,0,4,0,8,6,0,8,22,19,35,10,7,16,20,24,14,36,0,69,30,41,16,29,35,39,8,61,36,95,71,25,0,129,54,67,128,29,-14,0,79,53,-54,39,48,-2,88,0,50,36,60,0,-53,0,8,-195,0,154,0,53,57,0,0,0,1,53,20,0,33
Guinea-Bissau,0,0,0,0,0,0,0,0,0,0,0,0,0,0,0,0,0,0,0,0,0,0,0,0,0,0,0,0,0,0,0,0,0,0,0,0,0,0,0,0,0,0,0,0,0,0,0,0,0,0,0,0,0,0,0,0,0,0,0,0,0,0,0,2,0,0,0,0,6,0,1,0,6,3,0,0,15,0,3,0,2,0,0,0,5,0,0,3,1,0,0,0,0,2,0,1,5,0,131,0,52,0,0,156,0,57,88,30,47,84,35,59,16,77,0,56,21,30,2,51,20,5,0,0,64,0,17,0,61,0,0,72
Guyana,0,0,0,0,0,0,0,0,0,0,0,0,0,0,0,0,0,0,0,0,0,0,0,0,0,0,0,0,0,0,0,0,0,0,0,0,0,0,0,0,0,0,0,0,0,0,0,0,0,0,1,0,0,3,0,3,0,0,0,0,12,1,-15,0,0,0,3,0,0,4,7,0,4,0,1,-1,2,4,0,0,8,0,0,2,8,0,7,0,2,0,1,1,3,0,0,1,-3,0,1,0,0,0,0,5,1,0,0,-7,0,10,4,4,-5,-1,2,1,0,6,-1,-1,-8,0,-1,4,2,2,-5,11,0,2,-2,0
Haiti,0,0,0,0,0,0,0,0,0,0,0,0,0,0,0,0,0,0,0,0,0,0,0,0,0,0,0,0,0,0,0,0,0,0,0,0,0,0,0,0,0,0,0,0,0,0,0,0,0,0,0,0,0,0,0,0,0,0,2,0,0,4,1,1,0,0,0,6,0,0,1,0,2,2,1,4,1,2,3,1,2,0,7,0,1,0,2,1,3,10,0,3,10,0,-4,1,1,0,0,5,2,0,3,12,1,0,22,16,5,31,27,0,25,38,26,48,106,77,0,63,138,77,53,0,93,216,146,0,264,279,259,102
Holy See,0,0,0,0,0,0,0,0,0,0,0,0,0,0,0,0,0,0,0,0,0,0,0,0,0,0,0,0,0,0,0,0,0,0,0,0,0,0,0,0,0,0,0,0,1,0,0,0,0,0,0,0,0,0,0,0,0,0,0,0,0,0,3,0,0,0,2,0,0,0,0,1,0,0,0,0,0,-1,0,0,0,0,0,0,0,0,0,0,0,1,0,0,0,0,0,0,0,1,0,1,0,0,0,0,0,1,0,0,0,0,0,0,0,0,0,0,0,0,0,0,0,0,0,0,0,0,0,0,0,0,0,0
Honduras,0,0,0,0,0,0,0,0,0,0,0,0,0,0,0,0,0,0,0,0,0,0,0,0,0,0,0,0,0,0,0,0,0,0,0,0,0,0,0,0,0,0,0,0,0,0,0,0,0,2,0,0,0,1,3,2,1,3,12,0,2,4,0,6,16,16,24,15,29,2,31,47,3,42,1,30,7,7,31,38,10,1,4,10,10,7,15,15,10,-5,13,15,8,45,29,0,20,41,42,27,0,202,43,119,92,181,202,48,56,134,125,-25,149,47,131,91,40,131,148,0,201,231,0,444,234,192,226,99,0,325,107,148
Hungary,0,0,0,0,0,0,0,0,0,0,0,0,0,0,0,0,0,0,0,0,0,0,0,0,0,0,0,0,0,0,0,0,0,0,0,0,0,0,0,0,0,0,2,0,0,2,3,2,0,4,0,6,10,2,7,10,8,15,12,13,19,36,15,39,28,33,43,65,39,42,30,58,37,40,47,10,69,55,83,194,117,97,46,52,-3,66,103,47,63,51,94,62,21,91,0,30,70,48,58,3,60,63,52,36,-49,-4,-3,-36,-4,21,-4,-20,-67,-28,-81,-28,11,22,9,0,-12,-41,-33,-7,-6,-110,2,-117,-3,-92,4,7
Iceland,0,0,0,0,0,0,0,0,0,0,0,0,0,0,0,0,0,0,0,0,0,0,0,0,0,0,0,0,0,0,0,0,0,0,0,0,0,1,0,2,3,5,15,8,9,7,0,8,10,16,18,31,22,8,17,40,25,80,79,47,81,20,45,84,39,73,56,36,44,8,58,40,20,-34,37,44,-75,-44,-23,-36,-76,-36,-34,-47,-81,-55,-65,-61,11,-69,-50,-38,-43,-33,-27,-36,-16,-9,-18,-14,-18,-17,-10,-6,-10,-17,-3,-10,-8,0,0,-3,-3,0,-2,-4,0,0,-3,1,-1,-1,1,0,0,-1,1,0,-2,1,0,0
India,0,0,0,0,0,0,0,0,1,0,0,1,1,0,0,0,0,0,0,0,0,0,0,0,0,-3,0,0,0,0,0,0,0,0,0,0,0,0,0,0,2,0,23,2,1,3,5,4,12,6,11,9,20,2,6,22,14,37,45,83,62,103,24,118,68,132,89,26,220,125,576,502,23,478,506,1044,487,520,695,719,653,648,1147,856,762,772,649,948,1502,505,839,895,1065,967,1312,1023,947,1263,1048,1170,1455,1630,1850,2860,1668,2398,1919,2233,1699,2685,2027,1653,1783,2373,1498,898,2479,2192,3071,2440,3067,3297,4068,3806,3400,2272,3821,4129,-3602,4027,3866,3859
Indonesia,0,0,0,0,0,0,0,0,0,0,0,0,0,0,0,0,0,0,0,0,0,0,0,0,0,0,0,0,0,0,0,0,0,0,0,0,0,0,0,0,2,0,0,0,2,0,2,13,6,7,0,35,21,21,17,38,52,84,54,81,50,65,106,103,99,142,96,125,118,108,127,104,174,90,167,190,235,200,307,189,326,326,295,236,277,278,348,301,272,124,280,212,310,394,356,210,170,312,123,216,364,218,138,317,241,247,274,223,420,296,50,302,465,337,205,421,271,301,343,585,710,415,757,373,239,180,506,504,426,34,407,138
Iran,0,0,0,0,0,0,0,0,0,0,0,0,0,0,0,0,0,0,0,0,0,0,0,0,0,0,0,0,2,3,13,10,15,18,34,-5,106,119,155,333,407,835,325,404,1060,320,278,335,544,730,1075,1289,1365,-422,1053,379,1192,725,202,76,732,1411,780,1494,1557,2250,2530,2189,1666,2365,2171,1637,1491,759,2483,-2226,-714,-776,-863,-1184,-4645,-290,-472,-572,-292,-690,-336,-549,307,-956,-395,-954,-700,-588,-460,-311,-285,-394,-279,-329,-209,-230,-96,266,227,568,328,463,302,304,404,546,887,697,805,446,489,1097,599,711,636,599,73,451,111,63,341,446,876,386,495,823
Iraq,0,0,0,0,0,0,0,0,0,0,0,0,0,0,0,0,0,0,0,0,0,0,0,0,0,0,0,0,0,0,0,0,0,1,0,4,2,0,6,6,7,6,3,0,5,14,6,-3,11,-12,0,21,7,6,8,24,-1,28,10,4,13,33,32,2,34,59,39,29,74,46,22,24,24,25,63,5,62,1,-14,-7,-12,-5,-51,-27,-31,-25,-2,-16,-30,1,-25,-21,21,-2,35,18,4,48,48,53,29,7,60,-4,58,18,39,25,35,56,-5,-18,56,49,-11,30,52,58,1,41,108,38,255,44,90,175,235,255,343,240,214,310
Ireland,0,0,0,0,0,0,0,0,0,0,0,0,0,0,0,0,0,0,0,0,0,0,0,0,0,0,0,0,0,0,0,0,0,0,0,0,0,0,1,0,0,1,4,0,12,0,1,2,13,9,0,47,39,0,40,49,69,265,126,102,121,219,204,235,255,302,294,200,295,325,212,402,424,311,390,370,345,365,500,1515,839,727,992,832,1016,724,709,778,493,401,-8768,631,936,577,377,701,386,229,-3777,359,221,343,330,266,211,-3459,137,156,219,236,139,107,-2201,426,129,92,64,88,51,-1526,76,115,76,57,59,37,-961,38,35,53,61,72
Israel,0,0,0,0,0,0,0,0,0,0,0,0,0,0,0,0,0,0,0,0,0,0,0,0,0,0,0,0,0,0,1,0,0,0,0,1,0,1,3,3,0,2,3,5,16,6,18,0,12,4,21,26,29,58,5,25,54,123,99,161,170,188,151,1126,314,331,574,585,419,600,717,668,506,399,529,366,159,125,354,268,177,116,213,120,87,2,-84,-47,-72,-73,-229,-152,-91,-137,-192,-151,-357,-373,-381,-216,-440,-353,-133,-277,-358,-151,-165,-301,-129,-31,-384,-217,-130,-258,-56,-249,-78,-285,-166,-61,-204,-184,-153,-58,-137,-127,-77,-30,18,-10,58,32
Italy,0,0,0,0,0,0,0,0,0,2,0,0,0,0,0,0,1,0,0,0,0,0,0,0,0,0,0,0,0,0,17,41,92,75,93,129,160,232,240,529,276,455,471,631,669,1181,1459,1695,977,1992,2651,2153,2970,3221,2819,3334,3123,4907,5986,4925,4608,4789,3947,4174,5204,5320,4540,4571,2460,2944,3664,3237,3105,3567,3497,2577,1484,1737,2225,1966,2615,2415,1929,1277,1705,1714,930,1291,919,434,6,427,-387,99,-265,516,43,-226,-225,-2821,-339,235,-351,-4,-1277,-6570,-1630,-1420,-2925,-1353,-657,-1050,-2614,-1755,-4128,-1730,-1691,-1699,-1262,-2216,-1636,-1508,-1451,-1108,-1202,-2280,-1859,-2910,-1724,-2373,-1541,-648
Jamaica,0,0,0,0,0,0,0,0,0,0,0,0,0,0,0,0,0,0,0,0,0,0,0,0,0,0,0,0,0,0,0,0,0,0,0,0,0,0,0,0,0,0,0,0,0,0,0,0,0,1,1,6,0,2,-2,2,1,2,1,0,3,0,2,5,0,0,4,2,4,0,8,3,0,1,4,0,5,-2,-2,-1,2,4,-2,0,50,18,-4,20,8,50,0,10,23,31,17,45,13,0,32,26,8,29,1,2,-16,4,9,-2,0,-16,3,-8,-11,-5,-1,6,-3,-4,-14,-17,-5,0,-3,-9,-23,-21,-7,-5,1,5,-16,-9
Japan,2,0,0,0,1,0,3,0,4,4,5,0,0,2,0,0,3,0,1,-3,-5,2,0,1,11,16,7,7,5,10,7,17,25,12,11,19,25,14,3,15,18,8,38,29,57,11,41,9,45,41,0,62,72,66,-26,39,11,29,-2,3,91,27,15,89,31,68,193,153,0,87,177,317,80,522,0,454,235,321,400,810,398,743,600,260,401,478,1127,375,411,0,258,260,718,425,276,57,622,-417,-310,101,-298,36,-470,26,-165,0,-198,-130,-672,-2107,-96,-117,-308,-877,-387,34,-767,-391,62,0,-1051,-244,-216,-155,-168,-156,-135,-176,-42,-11,-40,-85
Jordan,0,0,0,0,0,0,0,0,0,0,0,0,0,0,0,0,0,0,0,0,0,0,0,0,0,0,0,0,0,0,0,0,0,0,0,0,0,0,0,0,0,1,0,0,0,0,0,0,0,0,0,-1,0,7,9,17,18,17,16,0,27,15,27,18,40,6,11,13,1,2,-2,12,-2,-3,-14,-12,-8,-7,3,-9,2,-16,-12,-14,-11,-8,-1,2,-3,2,-12,-11,-1,-4,-3,-2,-3,-6,-6,-4,4,-2,1,1,1,0,17,10,12,16,21,14,4,3,2,8,2,11,16,-6,1,12,-5,3,-5,-100,2,97,-8,4,-10,-6
Kazakhstan,0,0,0,0,0,0,0,0,0,0,0,0,0,0,0,0,0,0,0,0,0,0,0,0,0,0,0,0,0,0,0,0,0,0,0,0,0,0,0,0,0,0,0,0,0,0,0,0,0,0,0,4,2,3,1,23,2,9,5,4,7,2,10,9,28,38,65,52,17,38,35,54,27,60,47,74,30,27,48,27,36,68,101,76,26,70,74,39,38,129,101,114,109,149,77,80,80,138,66,217,139,197,-36,40,50,88,46,143,-4,-50,-16,-77,-47,31,-58,-112,31,381,-129,82,156,432,-118,474,275,-98,180,140,199,287,292,267
Kenya,0,0,0,0,0,0,0,0,0,0,0,0,0,0,0,0,0,0,0,0,0,0,0,0,0,0,0,0,0,0,0,0,0,0,0,0,0,0,0,0,0,0,0,0,0,0,0,0,0,0,0,1,0,2,0,0,0,4,0,0,8,1,9,2,3,0,7,4,8,9,20,28,12,4,16,16,11,5,2,-5,0,5,-4,7,-3,9,12,9,1,9,10,7,2,11,3,4,0,1,5,-3,9,22,15,19,36,39,18,9,23,-9,16,7,0,18,23,32,45,2,29,58,71,47,31,19,53,59,120,134,110,117,60,55
"Korea, South",1,0,1,0,1,1,0,0,0,7,1,3,0,1,3,4,0,0,-1,2,1,-4,0,0,-2,1,0,-1,0,69,100,229,167,231,140,284,505,571,808,583,599,851,424,467,411,448,290,164,-94,201,69,-67,107,76,-553,-186,-40,152,87,147,-1207,0,-522,-123,-310,-293,-137,-117,-117,-55,-58,-172,-107,-210,-57,-88,-49,-29,-158,-117,-96,-93,-54,-60,-55,-119,-50,-90,-97,-59,-90,-53,-210,-124,-72,-37,-76,-59,-133,-4,-45,-47,-26,-63,-48,-82,-53,-66,-8,13,-11,1,-38,-32,-11,-24,-1,-21,-96,-57,-7,-9,6,3,-30,20,34,35,4,20,18,14
Kosovo,0,0,0,0,0,0,0,0,0,0,0,0,0,0,0,0,0,0,0,0,0,0,0,0,0,0,0,0,0,0,0,0,0,0,0,0,0,0,0,0,0,0,0,0,0,0,0,0,0,0,0,0,0,0,0,0,0,0,0,0,0,0,0,0,71,14,5,3,0,13,9,0,1,3,3,0,24,8,0,44,27,0,0,96,0,49,26,21,42,16,1,16,18,31,25,31,-18,-21,-8,-15,0,-48,-17,-18,-86,0,-67,0,-59,-23,12,19,0,6,0,0,10,0,-44,0,11,1,11,4,0,0,6,-6,0,-12,0,0
Kuwait,0,0,0,0,0,0,0,0,0,0,0,0,0,0,0,0,0,0,0,0,0,0,0,0,0,0,0,0,0,0,0,0,0,1,10,15,17,2,0,0,11,0,0,2,0,3,2,0,5,2,5,0,24,8,7,7,6,3,11,8,12,1,-10,0,7,9,3,17,6,22,21,24,74,51,71,105,76,106,55,71,151,71,58,29,20,100,101,71,139,18,40,137,96,100,235,33,7,-12,87,134,290,141,291,124,441,298,116,556,259,958,420,797,589,759,696,739,798,595,731,600,721,645,668,468,161,-77,52,93,497,125,-379,-794
Kyrgyzstan,0,0,0,0,0,0,0,0,0,0,0,0,0,0,0,0,0,0,0,0,0,0,0,0,0,0,0,0,0,0,0,0,0,0,0,0,0,0,0,0,0,0,0,0,0,0,0,0,0,0,0,0,0,0,0,0,3,0,3,8,0,2,26,2,0,14,0,26,7,13,4,3,13,11,3,45,12,42,8,18,32,28,29,7,12,4,0,1,45,-54,7,-16,-29,-9,0,-8,-12,-8,0,-8,-32,-10,-11,24,-12,14,1,-2,17,54,1,0,-10,29,19,-32,0,55,-44,15,30,21,-3,15,18,12,24,51,46,35,-31,58
Laos,0,0,0,0,0,0,0,0,0,0,0,0,0,0,0,0,0,0,0,0,0,0,0,0,0,0,0,0,0,0,0,0,0,0,0,0,0,0,0,0,0,0,0,0,0,0,0,0,0,0,0,0,0,0,0,0,0,0,0,0,0,0,2,1,3,0,2,0,0,1,1,0,0,0,1,1,2,1,1,0,2,1,0,-1,0,-1,0,0,0,0,0,-2,0,0,-3,0,0,0,0,-1,0,-1,0,0,0,-1,1,0,-4,0,0,0,-1,0,0,0,0,0,0,0,0,0,0,0,0,0,-2,0,0,0,0,0
Latvia,0,0,0,0,0,0,0,0,0,0,0,0,0,0,0,0,0,0,0,0,0,0,0,0,0,0,0,0,0,0,0,0,0,0,0,0,0,0,0,0,1,0,0,0,0,0,1,4,1,2,0,7,9,4,4,15,22,15,25,13,15,41,17,24,23,36,25,42,29,22,48,-18,65,16,24,-6,6,29,12,23,18,21,4,2,-19,-4,-24,30,15,12,-36,13,17,-128,20,8,6,18,-68,9,12,1,8,17,0,-112,9,19,2,9,7,-159,1,11,-27,27,11,1,-29,4,9,-13,16,1,2,-25,4,4,-1,1,1,0
Lebanon,0,0,0,0,0,0,0,0,0,0,0,0,0,0,0,0,0,0,0,0,0,0,0,0,0,0,0,0,0,0,1,0,0,0,0,1,0,0,2,6,3,0,-1,3,6,0,10,0,9,20,0,16,16,17,0,8,13,23,6,24,57,19,51,3,32,19,18,26,3,22,3,12,10,8,7,8,5,28,1,18,9,8,2,9,12,4,5,-9,-2,3,-5,0,-21,8,5,1,3,7,-1,4,-38,-1,1,3,-5,9,20,9,2,36,14,11,6,8,-5,10,9,16,23,7,-349,62,7,-4,5,20,18,0,-2,16,25,10
Lesotho,0,0,0,0,0,0,0,0,0,0,0,0,0,0,0,0,0,0,0,0,0,0,0,0,0,0,0,0,0,0,0,0,0,0,0,0,0,0,0,0,0,0,0,0,0,0,0,0,0,0,0,0,0,0,0,0,0,0,0,0,0,0,0,0,0,0,0,0,0,0,0,0,0,0,0,0,0,0,0,0,0,0,0,0,0,0,0,0,0,0,0,0,0,0,0,0,0,0,0,0,0,0,0,0,0,0,0,0,0,0,0,0,1,0,0,0,0,0,0,0,0,1,0,0,0,0,0,-1,0,0,0,0
Liberia,0,0,0,0,0,0,0,0,0,0,0,0,0,0,0,0,0,0,0,0,0,0,0,0,0,0,0,0,0,0,0,0,0,0,0,0,0,0,0,0,0,0,0,0,0,0,0,0,0,0,0,0,0,0,1,0,1,0,0,1,0,0,0,0,0,0,0,0,0,0,3,0,1,0,3,1,0,17,0,6,11,2,8,0,0,0,14,0,15,8,2,-13,0,11,3,4,0,-3,0,0,11,-1,-6,8,4,-9,7,10,0,0,6,0,-14,-2,1,-4,-1,0,2,2,-1,4,6,7,-2,-2,0,3,2,5,-1,6
Libya,0,0,0,0,0,0,0,0,0,0,0,0,0,0,0,0,0,0,0,0,0,0,0,0,0,0,0,0,0,0,0,0,0,0,0,0,0,0,0,0,0,0,0,0,0,0,0,0,0,0,0,0,0,0,0,0,0,0,0,0,0,0,1,0,0,0,2,5,0,1,1,1,0,7,0,0,1,-6,3,0,0,0,1,9,13,-1,0,0,2,-4,0,8,1,-2,0,0,0,0,0,0,2,-4,0,-1,0,0,0,0,0,0,-4,0,0,0,0,1,-7,0,3,1,2,-2,2,0,-1,2,22,5,13,3,24,12
Liechtenstein,0,0,0,0,0,0,0,0,0,0,0,0,0,0,0,0,0,0,0,0,0,0,0,0,0,0,0,0,0,0,0,0,0,0,0,0,0,0,0,0,0,0,1,0,0,0,0,0,0,0,0,0,3,0,0,3,21,0,0,9,0,14,0,0,5,0,0,0,6,6,0,7,0,2,0,-55,1,0,0,1,0,0,0,0,0,0,0,0,2,0,0,0,0,0,0,1,0,0,0,0,0,0,0,0,0,0,0,0,0,0,0,0,0,0,0,0,0,0,0,0,0,0,0,0,0,0,0,0,0,0,0,0
Lithuania,0,0,0,0,0,0,0,0,0,0,0,0,0,0,0,0,0,0,0,0,0,0,0,0,0,0,0,0,0,0,0,0,0,0,0,0,0,1,0,0,0,0,0,0,0,0,0,0,0,2,0,3,2,3,5,8,2,9,13,34,60,36,30,65,25,59,36,66,25,46,44,68,47,75,40,31,37,32,43,-2,27,-16,5,8,-16,-3,-11,72,45,28,-32,-39,-14,-19,-14,5,4,-167,4,-16,9,-31,1,6,-36,-35,-16,-23,-55,35,1,-11,-44,-20,-19,-12,-2,6,-13,-9,16,-51,-12,4,12,-23,-11,0,-17,-5,-2,3
Luxembourg,0,0,0,0,0,0,0,0,0,0,0,0,0,0,0,0,0,0,0,0,0,0,0,0,0,0,0,0,0,0,0,0,0,0,0,0,0,0,1,0,0,0,0,0,1,0,1,0,2,2,12,15,17,8,18,63,63,132,149,186,122,77,224,234,120,118,226,119,38,150,141,168,-295,117,75,39,127,64,81,108,47,11,11,15,40,45,9,35,-13,-2,27,-5,-6,-2249,-65,-4,-13,12,17,-64,18,-95,-49,-22,5,-29,-45,-9,-18,-27,-14,-2,-9,-25,-9,-10,12,-11,8,3,-4,-6,-1,-7,-13,0,-2,-5,-8,4,-16,-11
MS Zaandam,0,0,0,0,0,0,0,0,0,0,0,0,0,0,0,0,0,0,0,0,0,0,0,0,0,0,0,0,0,0,0,0,0,0,0,0,0,0,0,0,0,0,0,0,0,0,0,0,0,0,0,0,0,0,0,0,0,0,0,0,0,0,0,0,0,0,2,0,0,0,7,0,0,0,0,0,0,0,0,0,0,0,0,0,0,0,0,0,0,0,0,0,0,0,0,0,0,0,0,0,0,0,0,0,0,0,0,0,0,0,0,0,0,0,0,0,0,0,0,0,0,0,0,0,0,0,0,0,0,0,0,0
Madagascar,0,0,0,0,0,0,0,0,0,0,0,0,0,0,0,0,0,0,0,0,0,0,0,0,0,0,0,0,0,0,0,0,0,0,0,0,0,0,0,0,0,0,0,0,0,0,0,0,0,0,0,0,0,0,0,0,0,0,3,0,0,9,5,2,4,3,0,13,4,14,0,2,11,0,0,10,1,1,0,0,9,-5,-1,0,-4,-3,6,1,-3,-2,-3,-8,-6,-2,0,-8,0,-7,-8,-2,2,0,13,-1,0,7,35,0,0,0,-7,0,20,17,4,43,21,13,4,33,34,39,37,35,10,44,22,41,32,59,10,49
Malawi,0,0,0,0,0,0,0,0,0,0,0,0,0,0,0,0,0,0,0,0,0,0,0,0,0,0,0,0,0,0,0,0,0,0,0,0,0,0,0,0,0,0,0,0,0,0,0,0,0,0,0,0,0,0,0,0,0,0,0,0,0,0,0,0,0,0,0,0,0,0,0,3,0,1,0,1,3,0,0,1,3,1,3,0,0,0,-2,0,0,0,1,5,10,-1,0,1,2,-1,-2,1,-2,1,1,2,0,2,-5,0,13,0,-9,0,6,0,0,2,2,0,0,1,1,9,0,-4,18,-4,0,102,65,6,5,52
Malaysia,0,0,0,3,1,0,0,3,1,0,0,0,0,2,2,0,-1,4,0,2,-2,0,1,0,-1,0,0,-6,-2,0,0,0,0,-3,0,0,1,0,2,4,0,3,14,0,33,9,5,18,12,18,0,48,32,183,138,100,106,95,118,126,98,212,62,156,219,86,98,82,65,82,34,86,157,62,89,-105,90,-10,-12,-104,19,40,-34,-32,-84,-9,-132,-81,-11,-62,3,-53,-19,-33,-48,-62,-55,-44,39,-27,30,-11,35,-16,-53,-90,-35,-20,-11,-29,-18,-94,-21,-30,-52,-56,-37,3,6,-29,-40,15,-5,27,138,125,-27,-76,37,-65,34,-13
Maldives,0,0,0,0,0,0,0,0,0,0,0,0,0,0,0,0,0,0,0,0,0,0,0,0,0,0,0,0,0,0,0,0,0,0,0,0,0,0,0,0,0,0,0,0,0,0,4,0,2,2,0,1,1,3,0,0,0,0,0,0,0,0,-5,-3,0,2,0,-3,0,1,1,0,0,0,0,0,0,0,0,0,0,0,0,-2,2,3,3,7,17,17,14,3,22,21,47,37,12,24,28,190,23,27,8,14,30,44,31,96,37,45,62,7,40,22,45,38,16,12,4,43,30,40,20,42,13,1,19,56,78,-128,54,21
Mali,0,0,0,0,0,0,0,0,0,0,0,0,0,0,0,0,0,0,0,0,0,0,0,0,0,0,0,0,0,0,0,0,0,0,0,0,0,0,0,0,0,0,0,0,0,0,0,0,0,0,0,0,0,0,0,0,0,0,0,0,0,0,0,2,2,7,7,0,7,3,3,5,3,1,4,-6,6,-1,9,13,0,18,14,13,4,23,0,38,7,8,11,19,12,6,41,-2,18,7,51,2,-43,26,12,7,27,-14,9,4,11,-41,-18,-3,14,-3,8,5,10,-4,10,16,1,20,32,-8,22,5,24,58,15,-3,-5,22
Malta,0,0,0,0,0,0,0,0,0,0,0,0,0,0,0,0,0,0,0,0,0,0,0,0,0,0,0,0,0,0,0,0,0,0,0,0,0,0,0,0,0,0,0,0,0,3,0,0,2,1,0,5,6,3,8,8,0,15,11,9,17,17,3,19,5,5,10,2,5,13,19,8,6,11,11,14,52,-5,38,13,20,-20,6,9,6,-25,1,-4,-18,-4,-12,-14,-38,-17,-25,-33,-2,-9,-31,-10,-30,5,-4,-4,-2,-2,-4,-3,-7,0,6,3,0,7,-5,22,3,3,7,10,12,0,5,-2,-8,0,-5,-6,-13,-9,-9,-2
Mauritania,0,0,0,0,0,0,0,0,0,0,0,0,0,0,0,0,0,0,0,0,0,0,0,0,0,0,0,0,0,0,0,0,0,0,0,0,0,0,0,0,0,0,0,0,0,0,0,0,0,0,0,0,1,0,0,0,0,1,0,0,0,0,0,0,1,0,2,-2,0,1,0,0,0,0,0,0,0,0,1,0,0,0,0,0,0,0,0,0,-4,0,0,0,0,0,0,0,0,0,1,0,0,0,0,0,0,0,0,0,0,0,0,1,6,4,9,11,22,19,50,10,32,27,27,2,25,6,24,54,71,60,41,58
Mauritius,0,0,0,0,0,0,0,0,0,0,0,0,0,0,0,0,0,0,0,0,0,0,0,0,0,0,0,0,0,0,0,0,0,0,0,0,0,0,0,0,0,0,0,0,0,0,0,0,0,0,0,0,0,0,0,0,3,0,9,2,14,8,6,6,33,13,8,5,21,15,18,8,17,3,31,17,23,-6,37,4,-4,-9,0,-9,-14,-16,-27,-71,-25,-16,-19,-17,-3,-19,-10,-3,-1,-1,-5,-4,-2,-2,-1,-1,-3,-1,0,0,0,0,-2,0,0,0,0,0,0,0,0,0,0,0,0,2,0,0,0,0,1,0,0,0
Mexico,0,0,0,0,0,0,0,0,0,0,0,0,0,0,0,0,0,0,0,0,0,0,0,0,0,0,0,0,0,0,0,0,0,0,0,0,0,1,3,1,0,-1,0,0,1,0,1,0,-3,1,4,14,15,12,29,11,25,46,39,48,65,51,38,70,110,132,131,145,70,121,163,132,-420,202,253,296,346,396,260,403,375,-697,282,264,287,450,578,622,262,511,729,1043,1089,1239,-3552,-370,120,-1114,1047,1425,561,1349,313,1434,-2243,638,1982,-627,428,1562,29,-838,807,924,461,715,594,355,776,1154,1240,921,1096,209,12,1199,1337,1170,265,641,627,-422
Moldova,0,0,0,0,0,0,0,0,0,0,0,0,0,0,0,0,0,0,0,0,0,0,0,0,0,0,0,0,0,0,0,0,0,0,0,0,0,0,0,0,0,0,0,0,0,0,1,0,2,0,0,3,6,11,0,6,0,19,17,14,14,15,15,24,28,22,32,32,22,52,65,82,83,158,111,94,88,118,105,143,103,83,37,195,78,41,69,-1,28,76,18,109,47,90,124,34,43,107,-6,58,-7,10,21,86,-6,-1,40,44,40,27,46,70,145,95,192,73,126,-3,119,-232,151,-273,64,-162,-35,76,232,-51,16,25,27,68
Monaco,0,0,0,0,0,0,0,0,0,0,0,0,0,0,0,0,0,0,0,0,0,0,0,0,0,0,0,0,0,0,0,0,0,0,0,0,0,0,1,0,0,0,0,0,0,0,0,0,0,0,1,0,0,0,5,0,0,0,4,0,11,0,0,8,2,9,0,4,3,2,3,5,3,2,7,3,2,2,2,6,2,0,0,0,-6,0,-7,-2,0,-1,-3,0,-9,-6,-1,0,1,-8,-8,-6,-9,-5,0,0,-3,-1,0,0,1,0,-3,0,-2,0,0,0,0,1,0,-3,0,0,1,0,0,0,0,0,0,1,0,0
Mongolia,0,0,0,0,0,0,0,0,0,0,0,0,0,0,0,0,0,0,0,0,0,0,0,0,0,0,0,0,0,0,0,0,0,0,0,0,0,0,0,0,0,0,0,0,0,0,0,0,1,0,0,0,0,0,0,4,1,0,0,4,0,0,0,0,1,0,1,0,-2,0,2,0,0,0,0,1,-2,1,0,0,0,0,1,12,0,1,0,0,-1,1,0,1,0,1,0,1,-1,0,0,0,0,1,0,-1,0,0,0,1,-1,0,0,-1,0,56,-5,37,0,1,-2,0,0,-1,-2,-2,-1,-4,1,13,18,-1,0,6
Montenegro,0,0,0,0,0,0,0,0,0,0,0,0,0,0,0,0,0,0,0,0,0,0,0,0,0,0,0,0,0,0,0,0,0,0,0,0,0,0,0,0,0,0,0,0,0,0,0,0,0,0,0,0,0,0,0,2,0,1,11,0,7,6,20,5,17,13,2,1,6,18,14,21,29,27,13,19,5,7,4,3,7,9,2,-32,-4,15,0,4,1,-29,-12,-13,-6,3,-29,1,-36,-10,-3,-11,-19,-12,-4,-3,1,-8,-4,-2,-7,-16,-4,-4,-9,-2,-2,0,0,0,-1,0,-2,0,0,-1,0,0,0,0,0,0,0,0
Morocco,0,0,0,0,0,0,0,0,0,0,0,0,0,0,0,0,0,0,0,0,0,0,0,0,0,0,0,0,0,0,0,0,0,0,0,0,0,0,0,0,1,0,0,1,0,0,0,0,1,2,1,0,10,11,1,9,11,14,14,17,19,28,24,54,49,67,57,75,75,52,32,52,57,119,92,94,52,87,87,61,73,85,76,111,124,239,249,88,157,168,120,213,83,160,88,112,-47,49,-81,46,47,-13,-8,-65,-19,10,-22,18,62,60,-39,-43,-46,-84,-45,2,-44,-16,-72,-87,-104,24,-187,-38,28,-62,-73,-175,-5,-64,-31,-408
Mozambique,0,0,0,0,0,0,0,0,0,0,0,0,0,0,0,0,0,0,0,0,0,0,0,0,0,0,0,0,0,0,0,0,0,0,0,0,0,0,0,0,0,0,0,0,0,0,0,0,0,0,0,0,0,0,0,0,0,0,0,0,1,0,2,2,2,0,1,0,0,0,2,0,0,-1,0,0,0,7,0,2,0,1,0,7,1,2,3,-1,0,0,0,2,4,16,5,6,0,0,0,0,3,-6,0,0,1,-2,-3,-2,-2,4,12,1,0,10,-3,9,7,8,1,6,6,2,4,23,-5,4,14,-5,-1,4,9,-6
Namibia,0,0,0,0,0,0,0,0,0,0,0,0,0,0,0,0,0,0,0,0,0,0,0,0,0,0,0,0,0,0,0,0,0,0,0,0,0,0,0,0,0,0,0,0,0,0,0,0,0,0,0,0,2,0,0,0,0,1,0,0,0,1,1,0,1,0,0,3,0,0,3,-1,0,0,2,0,0,0,0,0,0,0,0,0,0,-1,0,-2,0,0,0,0,-1,0,0,-1,0,0,0,0,0,0,0,0,0,0,-1,0,-1,-1,0,0,0,-1,-1,0,0,0,0,-1,2,1,1,1,0,0,1,0,1,0,1,-1
Nepal,0,0,0,1,0,0,0,0,0,0,0,0,0,0,0,0,0,0,0,0,0,-1,0,0,0,0,0,0,0,0,0,0,0,0,0,0,0,0,0,0,0,0,0,0,0,0,0,0,0,0,0,0,0,0,0,0,0,0,0,0,0,1,0,1,0,1,1,0,0,0,0,1,0,3,0,0,0,0,0,0,0,3,2,2,0,-1,14,1,-2,0,12,-1,0,0,-1,-1,0,2,3,0,2,0,16,0,7,11,2,-8,8,0,22,83,31,-1,17,24,4,80,26,17,26,38,68,2,54,47,86,152,151,176,170,238
Netherlands,0,0,0,0,0,0,0,0,0,0,0,0,0,0,0,0,0,0,0,0,0,0,0,0,0,0,0,0,0,0,0,0,0,0,0,0,1,0,5,4,8,6,14,44,46,60,77,56,61,121,0,303,156,176,278,295,347,409,536,637,577,547,815,858,1028,1179,1172,1111,887,850,1022,1092,1033,904,1231,972,769,973,1215,1337,1318,1171,964,868,729,1060,1232,1145,1067,750,727,688,889,807,655,641,400,172,384,508,464,445,335,199,317,225,454,319,287,245,161,196,219,268,200,182,125,146,108,196,253,183,177,172,210,133,187,181,176,132,185,103
New Zealand,0,0,0,0,0,0,0,0,0,0,0,0,0,0,0,0,0,0,0,0,0,0,0,0,0,0,0,0,0,0,0,0,0,0,0,0,0,1,0,0,0,0,2,0,1,1,0,0,0,0,0,0,1,2,0,4,8,8,11,13,50,0,41,40,73,75,70,57,68,47,52,80,60,58,60,47,-11,9,-6,-12,-20,-31,-56,-65,-80,-27,-38,-38,-36,-53,-27,-24,-54,-18,-15,-39,-31,-13,-10,-8,-5,-1,-10,-27,-12,-15,-14,-19,-1,-12,-12,-4,-9,-9,-7,-4,0,0,-10,-5,-2,0,-1,0,-5,-1,-12,-7,0,0,0,0
Nicaragua,0,0,0,0,0,0,0,0,0,0,0,0,0,0,0,0,0,0,0,0,0,0,0,0,0,0,0,0,0,0,0,0,0,0,0,0,0,0,0,0,0,0,0,0,0,0,0,0,0,0,0,0,0,0,0,0,0,1,0,1,0,0,0,0,0,0,2,0,0,1,0,0,0,0,1,0,0,0,1,0,1,-3,0,0,0,0,0,-2,1,0,-1,0,1,0,1,1,0,0,0,1,0,0,1,0,1,0,0,0,0,0,0,9,0,0,0,0,0,0,37,0,25,0,0,0,0,309,0,0,0,0,0,0
Niger,0,0,0,0,0,0,0,0,0,0,0,0,0,0,0,0,0,0,0,0,0,0,0,0,0,0,0,0,0,0,0,0,0,0,0,0,0,0,0,0,0,0,0,0,0,0,0,0,0,0,0,0,0,0,0,0,0,0,1,0,1,1,0,4,3,0,0,8,9,0,47,24,22,24,27,56,25,62,56,27,53,4,0,26,14,0,23,9,5,0,-1,-61,-54,-23,-33,-13,-30,-10,-28,-11,-17,-21,3,-11,-1,-11,-14,0,3,-1,-2,11,-4,-3,2,-1,6,-11,-15,2,-11,2,-5,-6,3,-9,0,-4,-10,-4,-19,-5
Nigeria,0,0,0,0,0,0,0,0,0,0,0,0,0,0,0,0,0,0,0,0,0,0,0,0,0,0,0,0,0,0,0,0,0,0,0,0,0,1,0,0,0,0,0,0,0,0,0,1,0,0,0,0,0,0,0,1,4,0,4,10,7,10,4,7,14,4,19,22,15,4,38,-1,21,4,10,4,7,22,5,10,1,-10,14,22,5,11,44,42,81,20,0,199,108,103,73,74,48,195,144,192,206,218,121,227,84,142,314,308,173,215,118,89,73,81,148,19,216,166,136,170,272,145,98,224,181,202,273,91,282,394,156,301
North Macedonia,0,0,0,0,0,0,0,0,0,0,0,0,0,0,0,0,0,0,0,0,0,0,0,0,0,0,0,0,0,0,0,0,0,0,0,1,0,0,0,0,0,0,0,0,2,0,0,0,4,0,0,6,0,0,4,8,9,13,19,18,30,21,12,29,22,18,22,18,17,44,20,30,43,53,69,8,29,13,44,44,49,68,23,12,54,84,18,28,22,-3,-18,-20,12,-10,4,-107,-40,-14,-17,-88,-40,-33,-88,-40,-13,-31,11,-6,23,-4,-42,5,-4,23,1,6,4,17,-28,3,29,14,-4,26,4,1,8,22,22,16,45,72
Norway,0,0,0,0,0,0,0,0,0,0,0,0,0,0,0,0,0,0,0,0,0,0,0,0,0,0,0,0,0,0,0,0,0,0,0,1,0,5,9,4,6,7,24,31,21,39,29,28,195,198,104,294,94,131,112,130,87,196,168,204,267,236,237,221,285,386,259,269,156,195,222,265,223,180,137,178,221,0,125,103,95,116,78,20,117,156,41,99,42,78,35,147,63,62,36,28,72,61,50,28,45,26,38,57,51,41,38,36,29,6,27,25,18,21,23,18,12,8,10,14,28,-7672,14,6,12,19,18,10,11,15,3,6
Oman,0,0,0,0,0,0,0,0,0,0,0,0,0,0,0,0,0,0,0,0,0,0,0,0,0,0,0,0,0,0,0,0,0,2,0,2,0,0,1,0,0,5,3,1,0,0,0,0,-5,0,0,1,0,3,0,2,12,9,0,4,-2,11,18,15,4,22,21,15,6,8,18,-2,21,21,21,33,34,43,1,27,62,53,113,80,96,64,50,111,29,139,98,106,33,56,111,89,20,82,143,-57,99,-219,85,3,56,138,-37,109,69,126,41,148,259,308,237,318,128,162,214,285,167,424,436,428,0,214,145,636,592,603,728,786
Pakistan,0,0,0,0,0,0,0,0,0,0,0,0,0,0,0,0,0,0,0,0,0,0,0,0,0,0,0,0,0,0,0,0,0,0,0,2,0,0,2,0,0,1,0,0,1,0,-1,0,10,2,1,8,3,22,83,100,63,144,47,229,54,99,84,88,138,170,116,102,73,221,162,272,264,127,259,561,99,190,121,51,281,-47,199,58,478,337,-14,546,674,-32,1044,428,708,557,672,535,494,493,721,402,897,887,684,336,942,1361,571,725,2022,1344,1255,1998,875,-306,1826,0,891,1393,1274,1320,1139,1557,291,1619,1464,524,618,987,727,603,1899,2152
Panama,0,0,0,0,0,0,0,0,0,0,0,0,0,0,0,0,0,0,0,0,0,0,0,0,0,0,0,0,0,0,0,0,0,0,0,0,0,0,0,0,0,0,0,0,0,0,0,0,1,7,3,16,9,7,12,14,17,23,28,63,113,32,-1,98,114,116,112,113,88,187,0,136,157,195,128,187,111,147,279,224,221,254,160,40,91,174,242,170,45,169,152,136,305,124,181,241,125,0,285,105,142,351,0,107,144,172,110,202,-3403,-20,168,-1167,115,161,150,181,156,120,28,110,88,121,306,349,257,164,-719,403,239,-1387,345,374
Papua New Guinea,0,0,0,0,0,0,0,0,0,0,0,0,0,0,0,0,0,0,0,0,0,0,0,0,0,0,0,0,0,0,0,0,0,0,0,0,0,0,0,0,0,0,0,0,0,0,0,0,0,0,0,0,0,0,0,0,0,0,1,0,0,0,0,0,0,0,0,0,0,0,0,0,0,0,0,1,0,0,0,0,0,0,0,0,0,5,0,0,0,0,0,1,0,0,0,0,0,0,0,0,0,0,0,-8,0,0,0,0,0,0,0,0,0,0,0,0,0,0,0,0,0,0,0,0,0,0,0,0,0,0,0,0
Paraguay,0,0,0,0,0,0,0,0,0,0,0,0,0,0,0,0,0,0,0,0,0,0,0,0,0,0,0,0,0,0,0,0,0,0,0,0,0,0,0,0,0,0,0,0,0,0,1,0,0,4,0,1,0,0,2,1,2,0,2,5,4,0,5,10,4,10,4,3,5,1,4,7,11,-2,8,9,-1,4,2,5,4,-3,13,12,1,6,25,-2,-2,-3,-7,-4,-5,-1,-2,0,-8,2,0,16,65,33,19,15,11,2,16,97,123,14,6,10,-6,12,-4,14,4,-15,30,-8,-11,-6,-22,3,-34,-26,-3,6,6,-6,11,-2
Peru,0,0,0,0,0,0,0,0,0,0,0,0,0,0,0,0,0,0,0,0,0,0,0,0,0,0,0,0,0,0,0,0,0,0,0,0,0,0,0,0,0,0,0,0,1,0,5,1,4,0,4,13,10,5,43,30,28,89,0,84,45,32,21,64,87,53,36,181,61,-226,258,-52,181,-226,460,272,89,1356,809,510,781,612,1421,292,933,-1996,577,788,1081,540,1498,1368,1269,660,3382,1895,845,1737,1883,2677,2759,770,2278,567,2831,1514,2848,2697,1934,1189,458,2319,3247,3471,1895,2921,3383,975,-1668,-907,3130,1668,989,2325,2866,3815,2891,2601,3157,3730,8044,4264
Philippines,0,0,0,0,0,0,0,0,1,0,0,1,0,0,0,0,1,0,0,0,0,-1,0,0,0,0,0,0,0,0,0,0,0,0,0,0,0,0,0,0,0,0,0,0,2,1,4,10,12,16,3,12,47,29,2,42,15,12,13,72,69,82,87,78,69,93,268,336,128,531,226,321,384,71,145,405,93,94,178,103,216,180,239,238,172,125,166,180,116,159,99,72,242,171,72,215,128,138,206,256,243,116,205,161,106,222,227,4,39,102,217,157,123,172,92,113,134,111,110,190,145,71,95,186,210,261,286,447,924,502,761,482
Poland,0,0,0,0,0,0,0,0,0,0,0,0,0,0,0,0,0,0,0,0,0,0,0,0,0,0,0,0,0,0,0,0,0,0,0,0,0,0,0,0,0,0,1,0,4,0,6,5,6,9,18,19,35,16,45,61,13,116,70,111,98,115,152,144,170,168,249,224,193,256,203,383,437,184,457,283,406,326,308,346,344,254,212,137,330,230,369,248,486,213,99,97,115,177,199,205,84,127,52,26,-27,-1,135,163,240,-66,100,-3,32,84,212,280,4,125,179,-16,-4,179,108,191,135,197,66,178,223,-301,89,122,198,92,-40,201
Portugal,0,0,0,0,0,0,0,0,0,0,0,0,0,0,0,0,0,0,0,0,0,0,0,0,0,0,0,0,0,0,0,0,0,0,0,0,0,0,0,0,2,0,3,3,5,7,10,0,11,18,0,52,56,76,85,117,0,337,233,260,320,460,285,633,528,724,902,792,446,1035,808,758,852,631,754,387,668,687,806,1488,482,587,349,444,607,640,155,572,521,657,209,377,313,417,546,420,135,263,102,491,178,-185,74,219,147,147,351,389,61,125,98,-230,50,171,134,-267,-588,-1621,222,207,252,-850,156,-9692,-108,-55,32,16,76,-18,74,57
Qatar,0,0,0,0,0,0,0,0,0,0,0,0,0,0,0,0,0,0,0,0,0,0,0,0,0,0,0,0,0,0,0,0,0,0,0,0,0,0,1,2,0,4,1,0,0,0,7,3,6,238,0,58,13,64,38,0,13,8,4,-6,7,7,17,11,10,13,26,41,56,77,45,113,105,234,265,220,206,125,138,115,196,223,193,158,250,383,511,299,432,530,459,533,562,702,713,846,903,609,534,716,623,678,549,494,837,684,702,1227,1051,885,1016,1347,1266,1520,963,1305,1050,836,902,525,866,1225,1112,844,558,261,301,-149,-3212,-2880,-2803,-1624
Romania,0,0,0,0,0,0,0,0,0,0,0,0,0,0,0,0,0,0,0,0,0,0,0,0,0,0,0,0,0,0,0,0,0,0,0,1,0,2,0,0,0,0,0,2,3,-2,6,0,10,17,4,39,32,8,27,19,73,11,31,32,54,143,203,105,115,242,136,296,291,125,183,263,429,384,206,161,306,276,322,183,494,216,271,109,171,351,209,129,166,65,170,215,314,-18,145,237,216,14,197,-186,16,-54,109,-51,140,-64,36,33,-169,92,32,-250,-52,-847,-127,63,-149,125,-81,6,-27,-69,-265,1,-18,-98,-123,-270,-9,-66,-86,-29
Russia,0,0,0,0,0,0,0,0,0,2,0,0,0,0,0,0,0,0,0,0,0,-2,0,0,0,0,0,0,0,0,0,0,0,0,0,0,0,0,0,0,1,0,0,1,9,0,3,0,3,0,8,17,9,4,27,24,33,51,54,50,57,71,51,156,173,189,224,255,300,446,371,726,555,530,636,903,1066,1089,1341,1689,1417,1940,2379,2550,3096,3130,3784,4318,5826,4113,5215,4689,4303,5172,5284,5844,5619,5301,4011,5766,6332,7830,9007,9125,8332,9097,8755,7894,5509,8622,6161,7188,5537,4447,5902,4260,5502,6090,3342,-498,1560,1750,1323,3236,3447,-3416,-2741,-414,308,740,4854,4854
Rwanda,0,0,0,0,0,0,0,0,0,0,0,0,0,0,0,0,0,0,0,0,0,0,0,0,0,0,0,0,0,0,0,0,0,0,0,0,0,0,0,0,0,0,0,0,0,0,0,0,0,0,0,0,1,0,4,2,1,0,9,0,2,17,4,1,9,4,6,10,0,5,7,2,5,13,-2,1,-3,5,0,8,-9,-1,-16,0,-3,-4,0,-3,-4,0,-5,3,-2,22,6,4,15,3,10,12,1,-5,0,-2,-1,6,0,-1,3,4,-9,-2,-10,-4,-9,1,-16,-1,5,-1,5,-4,-1,-8,8,-3,6,3,4,1,5,1
Saint Kitts and Nevis,0,0,0,0,0,0,0,0,0,0,0,0,0,0,0,0,0,0,0,0,0,0,0,0,0,0,0,0,0,0,0,0,0,0,0,0,0,0,0,0,0,0,0,0,0,0,0,0,0,0,0,0,0,0,0,0,0,0,0,0,0,0,0,2,0,0,0,0,5,1,0,1,0,0,1,0,1,0,0,1,0,0,0,2,0,0,0,0,0,1,0,-1,0,-1,0,0,0,-2,0,-2,-2,0,0,0,-4,0,0,-1,-1,0,0,0,0,0,0,0,0,0,-1,0,0,0,0,0,0,0,0,0,0,0,0,0
Saint Lucia,0,0,0,0,0,0,0,0,0,0,0,0,0,0,0,0,0,0,0,0,0,0,0,0,0,0,0,0,0,0,0,0,0,0,0,0,0,0,0,0,0,0,0,0,0,0,0,0,0,0,0,0,1,1,0,0,0,0,0,0,0,1,0,0,0,-1,0,6,0,4,0,0,0,1,0,0,0,0,0,1,0,-3,0,-7,0,0,0,0,0,-2,0,-2,0,0,0,0,0,0,2,0,0,0,1,0,0,0,-2,0,0,0,0,0,-1,0,0,0,0,0,0,0,0,0,0,0,0,0,0,0,0,0,0,0
Saint Vincent and the Grenadines,0,0,0,0,0,0,0,0,0,0,0,0,0,0,0,0,0,0,0,0,0,0,0,0,0,0,0,0,0,0,0,0,0,0,0,0,0,0,0,0,0,0,0,0,0,0,0,0,0,0,0,0,1,0,0,0,0,0,0,0,0,0,0,0,0,0,-1,0,0,0,0,1,1,4,0,0,1,0,4,0,0,0,0,0,0,0,0,0,0,0,-1,0,0,-1,0,0,-2,0,1,0,0,0,0,0,0,0,0,0,0,0,0,-3,0,0,-2,0,0,0,0,1,0,0,0,0,0,0,0,7,1,-1,0,0
San Marino,0,0,0,0,0,0,0,0,0,0,0,0,0,0,0,0,0,0,0,0,0,0,0,0,0,0,0,0,0,0,0,0,0,0,0,0,1,0,0,0,7,2,6,5,0,2,13,0,15,11,7,11,-4,21,8,0,10,0,25,0,31,12,0,21,0,15,-1,0,-1,6,0,1,0,8,-1,0,8,0,45,10,9,0,0,15,1,52,7,17,6,0,13,12,12,11,0,25,0,15,5,-3,7,-1,-1,0,1,14,5,-7,2,-9,-4,-21,5,-6,-13,-8,-2,-2,-7,-8,-13,-16,-8,0,-3,-5,-18,-25,-21,-13,0,-2
Sao Tome and Principe,0,0,0,0,0,0,0,0,0,0,0,0,0,0,0,0,0,0,0,0,0,0,0,0,0,0,0,0,0,0,0,0,0,0,0,0,0,0,0,0,0,0,0,0,0,0,0,0,0,0,0,0,0,0,0,0,0,0,0,0,0,0,0,0,0,0,0,0,0,0,0,0,0,0,0,4,0,0,0,0,0,0,0,0,0,0,0,0,0,0,0,0,0,0,0,0,0,0,0,6,2,0,0,7,151,0,13,21,0,0,0,0,12,15,0,0,0,11,5,0,0,0,0,0,48,78,2,15,5,16,4,1
Saudi Arabia,0,0,0,0,0,0,0,0,0,0,0,0,0,0,0,0,0,0,0,0,0,0,0,0,0,0,0,0,0,0,0,0,0,0,0,0,0,0,0,0,1,0,0,4,0,0,6,4,4,1,24,41,17,0,14,49,0,103,68,40,119,51,193,132,108,90,97,67,105,60,58,101,131,71,155,140,126,121,320,345,347,388,428,351,451,459,703,852,1019,1030,997,969,1045,1048,1031,1081,1115,1013,1156,1141,952,1152,1183,1303,640,335,778,379,680,599,686,-609,-460,610,-511,1043,680,-433,-377,847,-30,-321,209,115,87,-851,-757,-1887,-879,-252,-1682,17
Senegal,0,0,0,0,0,0,0,0,0,0,0,0,0,0,0,0,0,0,0,0,0,0,0,0,0,0,0,0,0,0,0,0,0,0,0,0,0,0,0,0,1,1,2,0,0,0,-1,0,0,0,0,6,0,14,-1,2,5,0,7,6,20,12,4,12,6,12,4,3,20,0,10,-5,1,6,-7,-6,-2,-1,-4,1,-2,-17,4,3,8,17,3,-5,8,-5,28,19,33,61,55,50,64,75,40,32,69,79,63,46,3,81,-10,10,51,68,112,82,70,24,73,60,27,-39,16,44,33,37,-38,31,24,-19,71,-5,29,83,70,37
Serbia,0,0,0,0,0,0,0,0,0,0,0,0,0,0,0,0,0,0,0,0,0,0,0,0,0,0,0,0,0,0,0,0,0,0,0,0,0,0,0,0,0,0,0,0,1,0,0,0,4,7,7,16,11,2,6,10,18,20,32,36,51,27,40,81,15,73,202,82,44,115,160,111,305,148,284,292,247,219,201,238,275,250,424,411,408,445,-162,201,208,195,153,206,90,180,238,233,206,171,195,234,0,270,-23,70,-29,-134,-132,-198,-190,0,-414,-243,-172,-181,-153,-120,-120,3,-71,-63,-217,-66,-90,-91,-29,-113,-162,-136,-32,-55,-61,-10
Seychelles,0,0,0,0,0,0,0,0,0,0,0,0,0,0,0,0,0,0,0,0,0,0,0,0,0,0,0,0,0,0,0,0,0,0,0,0,0,0,0,0,0,0,0,0,0,0,0,0,0,0,0,0,2,0,1,1,0,2,1,0,0,0,0,0,0,0,1,0,0,2,0,0,0,0,0,1,0,0,0,0,0,0,0,0,0,0,-5,0,0,0,0,0,-1,0,0,0,0,0,0,0,0,0,0,0,-2,0,0,0,0,-2,0,0,0,0,0,0,0,-1,0,0,0,0,0,0,0,0,0,0,0,0,0,0
Sierra Leone,0,0,0,0,0,0,0,0,0,0,0,0,0,0,0,0,0,0,0,0,0,0,0,0,0,0,0,0,0,0,0,0,0,0,0,0,0,0,0,0,0,0,0,0,0,0,0,0,0,0,0,0,0,0,0,0,0,0,0,0,0,0,0,0,0,0,0,0,0,1,1,0,0,2,2,0,0,1,0,1,0,2,0,1,2,2,11,4,-1,8,7,11,-1,18,0,11,0,9,0,11,12,19,3,4,15,15,6,26,30,7,26,0,24,21,39,6,8,7,-4,-2,15,-4,4,86,-24,15,28,-34,-8,-6,-30,-17
Singapore,0,1,2,0,1,1,2,0,3,3,3,2,0,6,4,0,2,1,7,5,-5,-3,8,7,4,3,-4,-1,-2,0,-2,0,-10,0,0,-7,0,0,-1,4,-4,2,0,7,13,8,12,0,10,0,0,21,4,14,13,18,47,32,30,31,19,54,37,69,40,38,55,28,19,35,69,28,49,60,97,42,73,113,233,166,155,201,360,309,406,697,598,910,568,1393,1073,959,1009,865,572,873,764,495,630,472,908,368,596,524,570,673,663,440,497,451,-18,223,-283,-412,-482,-629,-316,-190,-79,-272,-462,-264,-245,-446,-518,-323,-299,-645,-726,-590,-454,-359
Slovakia,0,0,0,0,0,0,0,0,0,0,0,0,0,0,0,0,0,0,0,0,0,0,0,0,0,0,0,0,0,0,0,0,0,0,0,0,0,0,0,0,0,0,0,0,1,0,2,0,4,3,6,16,12,10,9,9,33,18,14,41,0,1,18,12,15,43,23,22,17,31,37,24,19,21,14,51,42,98,12,14,13,14,-57,60,-10,98,64,2,56,-10,19,19,77,-32,-18,-2,-7,-17,-54,-35,-27,-46,-10,-19,-90,-13,-28,-89,-14,-20,-18,-16,-73,-44,-16,-7,-11,-21,-7,-38,-8,-10,-23,-16,-4,-13,-3,0,-6,-17,-10,-1
Slovenia,0,0,0,0,0,0,0,0,0,0,0,0,0,0,0,0,0,0,0,0,0,0,0,0,0,0,0,0,0,0,0,0,0,0,0,0,0,0,0,0,0,0,0,2,5,0,9,0,15,26,32,52,40,38,34,22,0,11,55,42,31,28,38,38,34,70,52,46,26,46,39,-4,37,34,20,1,38,14,25,27,17,15,5,8,15,11,36,-3,11,4,5,1,7,7,7,6,6,4,3,8,5,-1,-2,0,3,1,0,-4,1,2,3,-2,1,-6,-2,-2,0,-1062,-2,-1,0,0,0,0,-5,0,-6,0,-1,0,-1,0
Somalia,0,0,0,0,0,0,0,0,0,0,0,0,0,0,0,0,0,0,0,0,0,0,0,0,0,0,0,0,0,0,0,0,0,0,0,0,0,0,0,0,0,0,0,0,0,0,0,0,0,0,0,0,0,0,1,0,0,0,0,0,0,0,0,0,1,1,0,0,0,1,0,0,2,0,0,0,1,4,0,9,0,3,35,0,20,0,36,19,28,72,49,0,38,0,62,44,44,39,53,8,0,67,41,17,65,26,36,0,65,49,32,76,45,60,0,60,60,23,32,61,5,0,0,0,64,4,8,52,0,71,39,34
South Africa,0,0,0,0,0,0,0,0,0,0,0,0,0,0,0,0,0,0,0,0,0,0,0,0,0,0,0,0,0,0,0,0,0,0,0,0,0,0,0,0,0,0,0,1,0,0,2,0,4,6,4,7,14,13,11,0,54,34,52,38,34,128,148,147,218,224,17,93,46,27,8,82,-2,80,70,31,63,96,89,-246,25,145,99,143,91,-394,178,251,124,-10,165,170,-100,267,141,185,247,-397,354,297,-5,218,447,240,352,-171,424,663,-305,405,453,698,336,-266,378,436,632,626,105,-187,1134,-166,1218,244,215,-175,963,547,1114,704,1023,1192
South Sudan,0,0,0,0,0,0,0,0,0,0,0,0,0,0,0,0,0,0,0,0,0,0,0,0,0,0,0,0,0,0,0,0,0,0,0,0,0,0,0,0,0,0,0,0,0,0,0,0,0,0,0,0,0,0,0,0,0,0,0,0,0,0,0,0,0,0,0,0,0,0,0,0,0,0,1,0,1,0,1,1,0,0,0,0,0,0,0,0,0,0,0,0,1,0,0,1,0,28,0,1,10,0,1,0,6,6,16,44,0,0,36,38,9,-1,32,0,54,0,0,0,191,80,92,0,151,0,188,0,0,0,0,0
Spain,0,0,0,0,0,0,0,0,0,0,1,0,0,0,0,0,0,0,1,0,0,0,0,0,-2,0,0,0,0,0,0,0,0,0,4,7,2,17,13,39,36,45,57,37,141,72,173,398,622,431,0,2945,835,1407,2131,1308,2109,4027,1966,4427,2944,6368,3530,8057,6623,5591,4588,4451,5775,5488,4807,3851,3364,3263,1617,2672,2496,1465,858,1548,1313,522,932,-335,1754,3360,5891,887,4388,-1694,2041,810,1300,-13139,-438,-935,-672,-365,-4255,-2585,1781,-3832,-770,-1896,-825,-1520,-1387,-1227,-2083,-1442,2113,-1247,-1182,-1702,-766,-1148,0,-3022,431,518,482,1787,466,482,-372,859,0,1647,658,664,251,159
Sri Lanka,0,0,0,0,0,1,0,0,0,0,0,0,0,0,0,0,0,-1,0,0,0,0,0,0,0,0,0,0,0,0,0,0,0,0,0,0,0,0,0,0,0,0,0,0,0,0,0,0,0,1,0,4,4,8,10,16,7,7,13,6,3,15,6,-1,0,0,5,2,1,19,-1,5,5,4,4,-3,3,2,-4,-5,8,10,7,11,3,-5,-3,1,7,31,2,17,36,50,31,61,59,23,28,-4,19,5,1,23,1,24,10,3,-8,-45,-16,-3,10,-53,-22,-18,3,-10,25,-14,7,-3,-19,38,20,120,130,48,19,35,-7,0
Sudan,0,0,0,0,0,0,0,0,0,0,0,0,0,0,0,0,0,0,0,0,0,0,0,0,0,0,0,0,0,0,0,0,0,0,0,0,0,0,0,0,0,0,0,0,0,0,0,0,0,0,0,1,0,0,0,0,1,0,0,0,0,0,1,0,0,0,2,1,0,0,-1,1,2,0,2,0,2,0,1,2,2,0,8,3,0,0,1,31,0,39,0,29,32,0,34,23,37,33,56,60,84,53,0,77,91,64,66,171,36,171,148,124,132,0,139,308,0,277,98,0,387,177,198,158,111,0,124,0,108,-177,75,48
Suriname,0,0,0,0,0,0,0,0,0,0,0,0,0,0,0,0,0,0,0,0,0,0,0,0,0,0,0,0,0,0,0,0,0,0,0,0,0,0,0,0,0,0,0,0,0,0,0,0,0,0,0,0,1,0,0,0,0,0,3,0,1,0,2,1,0,0,0,0,0,1,1,0,0,0,0,0,0,-3,-1,0,0,0,-2,0,0,0,0,0,0,0,0,0,0,-1,0,0,0,0,-1,0,0,0,-1,0,0,0,0,0,0,0,0,0,0,0,0,0,0,1,0,0,0,0,0,0,0,0,1,0,0,2,9,21
Sweden,0,0,0,0,0,0,0,0,0,1,0,0,0,0,0,0,0,0,0,0,0,0,0,0,0,0,0,0,0,0,0,0,0,0,0,1,5,0,5,2,1,6,14,59,7,60,42,44,107,145,99,215,147,61,81,87,89,145,200,124,171,112,240,240,314,229,378,253,328,407,425,621,461,312,387,376,487,726,722,368,466,332,465,497,482,444,676,606,563,392,545,682,751,357,610,463,286,695,681,790,428,562,235,-2665,495,702,-192,642,656,401,348,602,637,673,625,470,466,234,422,724,649,637,379,271,384,597,648,639,749,637,429,272
Switzerland,0,0,0,0,0,0,0,0,0,0,0,0,0,0,0,0,0,0,0,0,0,0,0,0,0,0,0,0,0,0,0,0,0,0,1,0,7,0,10,9,15,12,33,24,100,54,69,37,117,160,0,487,220,841,0,500,317,1047,1219,1281,783,1321,1082,1020,914,-282,1148,688,865,683,19,13,-54,-670,595,-1084,-52,-69,-29,0,-444,-292,-727,248,-1300,-104,-154,-374,-364,-596,-681,-295,-472,-219,-83,-333,-297,-300,143,-621,-381,-188,-212,-624,-172,-249,-134,-119,-256,-146,-161,36,-267,50,51,-242,-85,-90,-79,-60,-64,13,-82,-89,-90,15,-85,20,32,-83,-83,9
Syria,0,0,0,0,0,0,0,0,0,0,0,0,0,0,0,0,0,0,0,0,0,0,0,0,0,0,0,0,0,0,0,0,0,0,0,0,0,0,0,0,0,0,0,0,0,0,0,0,0,0,0,0,0,0,0,0,0,0,0,0,1,0,0,4,0,0,0,4,1,0,0,6,0,-2,3,0,-1,-1,0,0,5,0,0,4,4,0,5,0,1,0,2,0,0,0,-5,-2,-5,-2,0,0,-5,0,0,0,0,1,0,0,0,0,0,0,1,0,-5,1,7,0,0,0,0,0,11,12,20,15,-2,1,0,0,-3,1
Taiwan*,1,0,2,0,1,1,3,0,1,1,0,0,0,1,0,4,0,1,1,0,0,0,0,-1,0,2,2,0,1,1,2,0,2,-1,1,1,0,1,2,1,-2,1,0,2,1,0,-1,-2,0,1,-2,1,3,6,8,8,23,4,27,16,16,26,19,20,17,15,15,15,-1,16,7,4,4,7,8,3,3,-1,-5,-22,-5,-7,5,-15,2,-31,-11,-9,11,-12,-11,-18,-16,-10,-10,-6,-9,-17,-4,-11,-2,3,-4,0,0,-4,-7,-8,-6,-5,-2,-4,-3,-8,-4,-2,-6,-3,0,0,0,-9,-3,-3,-1,-1,-3,-1,1,-1,-2,-3
Tajikistan,0,0,0,0,0,0,0,0,0,0,0,0,0,0,0,0,0,0,0,0,0,0,0,0,0,0,0,0,0,0,0,0,0,0,0,0,0,0,0,0,0,0,0,0,0,0,0,0,0,0,0,0,0,0,0,0,0,0,0,0,0,0,0,0,0,0,0,0,0,0,0,0,0,0,0,0,0,0,0,0,0,0,0,0,0,0,0,0,0,0,0,0,0,0,0,0,0,0,0,15,0,61,52,102,63,86,82,61,90,0,49,68,72,106,211,204,202,205,-434,375,210,-418,53,113,77,144,0,40,28,25,-16,-2
Tanzania,0,0,0,0,0,0,0,0,0,0,0,0,0,0,0,0,0,0,0,0,0,0,0,0,0,0,0,0,0,0,0,0,0,0,0,0,0,0,0,0,0,0,0,0,0,0,0,0,0,0,0,0,0,0,1,0,2,3,0,0,6,0,0,0,1,-1,1,0,5,0,1,-1,-1,0,2,2,-2,1,0,7,0,0,15,4,31,6,53,0,23,84,0,30,0,-22,0,0,0,0,62,0,0,0,0,0,0,0,0,13,0,0,0,0,0,0,0,0,0,0,0,0,0,0,0,0,0,0,0,0,0,0,0,0
Thailand,2,1,2,2,-1,0,3,0,0,5,0,0,0,6,0,0,0,2,0,0,1,0,-2,0,0,-1,0,0,0,0,-2,0,-4,0,1,3,0,-5,1,0,-2,0,0,4,1,2,0,0,1,5,11,4,7,32,33,24,34,60,50,89,186,122,98,89,93,82,109,143,4,14,-43,104,-4,27,-17,51,-57,111,2,-23,-77,-50,-42,-83,-62,-67,-68,-65,-109,-44,-90,-229,-65,-49,0,-32,-6,-36,-4,-12,-29,-7,-4,17,-6,-13,-8,-4,1,-2,4,0,-46,-5,3,-1,2,2,2,-30,-6,-13,-3,-5,-5,2,7,-3,11,-15,2,-1
Timor-Leste,0,0,0,0,0,0,0,0,0,0,0,0,0,0,0,0,0,0,0,0,0,0,0,0,0,0,0,0,0,0,0,0,0,0,0,0,0,0,0,0,0,0,0,0,0,0,0,0,0,0,0,0,0,0,0,0,0,0,0,0,1,0,0,0,0,0,0,0,0,0,0,0,0,0,0,0,0,0,0,0,0,0,2,2,2,10,0,0,1,3,1,0,0,0,0,0,0,-4,0,-10,0,0,0,-4,0,0,-1,0,0,0,0,0,0,0,-3,0,0,0,0,0,0,0,0,0,0,0,0,0,0,0,0,0
Togo,0,0,0,0,0,0,0,0,0,0,0,0,0,0,0,0,0,0,0,0,0,0,0,0,0,0,0,0,0,0,0,0,0,0,0,0,0,0,0,0,0,0,0,0,1,0,0,0,0,0,0,0,0,0,0,0,0,0,7,7,0,2,2,3,0,2,0,0,5,-5,2,-4,1,1,0,11,7,5,2,2,0,-4,1,-3,1,-10,-1,0,-3,-1,-1,2,-3,2,3,2,0,0,9,6,6,0,0,-5,2,-3,-1,10,6,19,7,15,16,19,25,32,-2,27,7,-1,6,6,-2,0,-15,-11,-2,13,1,1,4,-3
Trinidad and Tobago,0,0,0,0,0,0,0,0,0,0,0,0,0,0,0,0,0,0,0,0,0,0,0,0,0,0,0,0,0,0,0,0,0,0,0,0,0,0,0,0,0,0,0,0,0,0,0,0,0,0,0,0,2,0,2,1,2,2,0,39,1,1,7,3,5,0,8,4,4,5,3,4,4,5,1,1,2,0,2,0,-8,-3,0,-1,-1,-1,0,-1,0,-1,-5,-9,-11,0,-5,-1,-4,0,-12,-1,-11,-5,-5,-6,-4,0,0,0,-1,-3,0,0,0,0,0,0,0,0,0,0,-1,0,0,0,0,0,0,0,0,1,0,0
Tunisia,0,0,0,0,0,0,0,0,0,0,0,0,0,0,0,0,0,0,0,0,0,0,0,0,0,0,0,0,0,0,0,0,0,0,0,0,0,0,0,0,0,0,1,0,0,0,1,0,3,2,0,9,2,0,2,4,5,10,15,6,14,14,25,58,24,30,51,34,-1,82,27,32,40,58,21,22,7,5,15,28,-4,22,19,21,33,42,42,0,15,-100,0,-17,9,0,4,1,-45,8,-10,3,-7,4,-1,-73,-72,-106,-8,-34,-20,-40,-27,-13,-19,-11,-29,-3,-9,3,-6,-35,-20,-18,-11,0,-2,-10,0,8,-5,1,-9,3
Turkey,0,0,0,0,0,0,0,0,0,0,0,0,0,0,0,0,0,0,0,0,0,0,0,0,0,0,0,0,0,0,0,0,0,0,0,0,0,0,0,0,0,0,0,0,0,0,0,0,0,1,0,4,0,1,12,29,51,94,167,311,566,293,343,535,1196,2053,1676,1780,1553,2623,2058,2374,2717,2711,2879,2864,3636,3853,3760,4466,4596,4308,3582,3220,3406,3386,2811,1961,2454,3220,3123,1524,1102,-124,-984,-1201,-2520,-2626,-2295,-2231,-2734,-2468,-3222,-3401,-3287,-2664,-2805,-1564,-1538,-1669,-1975,-1405,-1187,-680,-395,-394,-457,-457,-296,-120,-42,-169,-305,49,-334,-544,-251,-394,-453,-38,-150,-147
US,1,0,1,0,3,0,0,0,0,2,1,0,3,0,0,0,0,0,-3,0,1,0,1,0,0,0,0,0,0,0,0,0,0,36,-1,6,1,1,8,6,24,20,31,70,48,136,116,69,373,323,378,514,548,807,1120,1776,1256,5951,5500,6297,7678,10582,9893,11906,17672,17938,19621,17531,18258,24645,23980,29879,31084,28284,24979,27382,28622,29737,32822,30139,27450,26819,14817,22765,24671,28700,28239,26233,20722,23907,24282,26324,25982,17312,31503,21015,17976,19873,22543,-3712,23969,17711,20731,15307,21365,24861,22566,22949,12080,16075,2057,23941,7887,24384,20717,7367,15048,10638,14046,18365,21188,-27927,10571,15137,6635,12866,11657,14094,17811,14131,-8290,7715
Uganda,0,0,0,0,0,0,0,0,0,0,0,0,0,0,0,0,0,0,0,0,0,0,0,0,0,0,0,0,0,0,0,0,0,0,0,0,0,0,0,0,0,0,0,0,0,0,0,0,0,0,0,0,0,0,0,0,0,0,0,1,0,8,0,5,0,9,7,3,0,11,0,1,3,0,4,0,0,1,0,0,-4,1,-3,0,-4,-8,1,-3,-6,-9,5,-5,10,1,0,4,-1,-5,2,2,2,3,1,5,1,2,1,0,15,5,0,8,10,13,43,24,0,21,12,2,-105,13,23,0,23,31,28,36,9,84,4,40
Ukraine,0,0,0,0,0,0,0,0,0,0,0,0,0,0,0,0,0,0,0,0,0,0,0,0,0,0,0,0,0,0,0,0,0,0,0,0,0,0,0,0,0,1,0,0,0,0,0,0,0,0,0,2,0,0,4,7,0,2,13,17,26,0,24,48,51,110,46,118,71,95,146,97,172,150,80,11,143,199,214,295,290,256,317,248,368,354,441,415,271,249,407,410,498,199,478,434,368,273,345,405,280,465,452,347,110,265,208,194,312,371,188,290,59,-5,153,95,223,165,-96,31,204,84,88,227,133,-2,-99,33,-66,16,241,375
United Arab Emirates,0,0,0,0,0,0,0,4,0,0,0,1,0,0,0,0,0,2,0,1,0,-1,0,0,-2,0,0,0,0,0,0,4,0,0,0,0,0,5,2,0,0,6,0,2,0,14,0,0,24,-5,11,0,0,7,0,0,12,22,0,6,0,45,43,78,0,72,63,96,38,53,150,175,228,224,275,254,264,247,302,220,206,295,226,331,331,399,384,0,381,410,407,380,427,402,405,445,378,450,401,452,443,440,465,364,275,340,289,288,166,272,103,152,214,291,349,193,150,-233,-341,-77,-52,-49,115,220,221,454,494,249,226,277,275,229
United Kingdom,0,0,0,0,0,0,0,0,0,2,0,0,0,0,0,0,1,0,0,5,0,0,0,0,0,-7,0,0,0,0,0,0,0,4,0,0,2,5,3,13,4,11,35,30,48,33,67,48,61,75,0,343,342,1,404,377,668,74,1298,1053,678,981,1365,1476,2162,2932,2567,2468,2653,3020,4384,4295,4500,3781,5945,3785,3632,5505,4384,8504,5235,5328,4686,5256,4593,4655,5605,5525,5836,4674,4124,4421,4579,5382,4879,4464,4282,3996,4047,6038,6171,4811,4337,3981,4395,6108,5582,4625,3892,3923,3870,3401,3235,3444,3560,3446,3534,2682,2420,-536,2609,3290,2953,2410,1621,4052,2015,1888,2094,1597,1934,1549
Uruguay,0,0,0,0,0,0,0,0,0,0,0,0,0,0,0,0,0,0,0,0,0,0,0,0,0,0,0,0,0,0,0,0,0,0,0,0,0,0,0,0,0,0,0,0,0,0,0,0,0,0,0,4,2,2,21,21,29,15,16,25,23,4,27,28,21,36,29,6,11,-23,-9,13,-1,7,-5,-10,-18,-10,3,13,-3,-28,-14,-3,-11,-5,-2,5,11,-8,-3,-7,-9,-9,32,5,3,-3,-13,8,-13,-1,1,-3,-8,-15,5,-4,1,1,-2,-3,-11,3,2,-4,-5,-2,-9,-1,-3,-5,-2,3,7,-7,2,4,-21,3,-1,-2
Uzbekistan,0,0,0,0,0,0,0,0,0,0,0,0,0,0,0,0,0,0,0,0,0,0,0,0,0,0,0,0,0,0,0,0,0,0,0,0,0,0,0,0,0,0,0,0,0,0,0,0,0,0,0,0,0,1,5,4,5,8,10,10,0,3,4,10,15,8,16,38,5,23,4,11,22,39,71,115,63,25,29,38,143,74,114,153,129,25,29,47,44,26,-45,-55,-69,-14,-28,-75,-68,-65,-41,0,-32,-27,-17,-46,-78,-50,-14,-92,-47,34,-39,11,27,-27,19,-3,-19,-29,40,50,-10,-21,47,16,-17,72,47,49,-10,23,23,57
Venezuela,0,0,0,0,0,0,0,0,0,0,0,0,0,0,0,0,0,0,0,0,0,0,0,0,0,0,0,0,0,0,0,0,0,0,0,0,0,0,0,0,0,0,0,0,0,0,0,0,0,0,0,0,2,8,7,16,3,6,0,28,-15,7,7,7,16,-16,4,0,16,0,6,1,-2,2,4,-7,0,2,-15,0,-5,6,-9,0,7,7,0,21,25,0,29,-2,19,1,5,-3,-1,0,2,2,-4,10,2,0,4,0,-7,2,14,9,-4,-14,0,32,-5,33,37,65,131,66,58,62,66,111,16,34,34,80,45,89,51,152
Vietnam,0,2,0,0,0,0,0,0,0,0,3,0,2,0,0,2,0,3,0,1,-4,0,0,0,0,0,0,0,0,0,-7,0,0,0,-2,0,0,0,0,0,0,0,0,0,0,2,12,0,1,7,1,8,6,3,5,5,9,10,6,2,19,10,11,7,9,10,10,10,-15,6,1,3,-6,-2,1,-1,-24,-1,2,-14,1,4,1,-22,-1,-5,-21,-3,-1,-12,-2,-7,-1,6,-5,0,0,3,0,3,0,0,1,0,-13,0,16,-8,0,0,-8,-3,0,16,2,4,2,1,0,0,-3,-1,1,0,-4,1,-6,0,0,0,0,-14
West Bank and Gaza,0,0,0,0,0,0,0,0,0,0,0,0,0,0,0,0,0,0,0,0,0,0,0,0,0,0,0,0,0,0,0,0,0,0,0,0,0,0,0,0,0,0,0,4,3,9,0,3,7,4,0,1,4,3,0,1,2,3,-14,1,4,7,0,0,25,7,6,11,7,3,15,27,30,23,16,18,-11,0,0,3,-11,2,2,7,6,3,7,6,4,10,0,6,-2,-3,0,0,0,13,1,-5,9,0,-1,-16,-16,-44,-1,-52,0,-35,-38,-7,-2,0,-5,-13,-1,5,-6,7,25,0,-2,-9,0,-2,5,9,0,1,-3,1
Western Sahara,0,0,0,0,0,0,0,0,0,0,0,0,0,0,0,0,0,0,0,0,0,0,0,0,0,0,0,0,0,0,0,0,0,0,0,0,0,0,0,0,0,0,0,0,0,0,0,0,0,0,0,0,0,0,0,0,0,0,0,0,0,0,0,0,0,0,0,0,0,0,0,0,0,0,4,0,0,0,0,0,0,2,0,0,0,0,0,0,0,0,0,0,-5,0,0,0,0,0,0,0,0,0,0,0,0,0,0,0,0,0,-1,0,0,0,0,0,0,0,0,0,0,0,0,3,0,0,0,0,0,0,0,0
Yemen,0,0,0,0,0,0,0,0,0,0,0,0,0,0,0,0,0,0,0,0,0,0,0,0,0,0,0,0,0,0,0,0,0,0,0,0,0,0,0,0,0,0,0,0,0,0,0,0,0,0,0,0,0,0,0,0,0,0,0,0,0,0,0,0,0,0,0,0,0,0,0,0,0,0,0,0,0,0,0,1,0,0,0,0,0,0,0,0,0,0,0,0,0,-1,0,0,0,0,5,0,1,3,0,2,10,3,0,9,0,17,5,9,5,15,21,16,6,2,33,17,13,6,3,11,11,16,7,21,5,25,12,31
Zambia,0,0,0,0,0,0,0,0,0,0,0,0,0,0,0,0,0,0,0,0,0,0,0,0,0,0,0,0,0,0,0,0,0,0,0,0,0,0,0,0,0,0,0,0,0,0,0,0,0,0,0,0,0,0,0,0,2,0,0,0,1,0,0,9,4,6,6,1,6,0,1,3,-2,0,-1,-2,-2,0,-17,0,-3,1,2,0,3,0,4,2,4,2,5,4,0,8,0,-1,0,7,-10,8,-16,9,2,13,-13,-1,5,6,84,10,0,174,-2,208,0,-34,69,4,11,55,-71,20,0,0,0,0,-306,0,0,0,0,-101
Zimbabwe,0,0,0,0,0,0,0,0,0,0,0,0,0,0,0,0,0,0,0,0,0,0,0,0,0,0,0,0,0,0,0,0,0,0,0,0,0,0,0,0,0,0,0,0,0,0,0,0,0,0,0,0,0,0,0,0,0,0,1,2,0,0,0,0,0,2,2,0,0,1,0,1,0,0,0,1,1,0,0,2,1,0,3,0,5,0,0,1,0,0,3,0,0,1,2,0,-2,0,0,8,0,-6,0,0,0,0,0,-4,1,1,0,0,-2,-1,5,0,-2,1,0,2,3,0,5,-7,0,0,76,14,0,24,4,25
